image,inclusion_precision,inclusion_recall,inclusion_f1,gt_inclusion_objects,apparent_bg_strip_fp_components,apparent_bg_d_fp_components
0506tin1_1_30_crop_00.jpg,0.7588652482269503,0.7470907680372382,0.7529319781078968,12,26,0
0506tin1_1_30_crop_01.jpg,0.9837962962962963,0.17020424509411294,0.2902014339364971,3,1,0
0506tin1_1_32_crop_01.jpg,0.8848857644991213,0.41304347826086957,0.5631991051454138,4,9,0
0506tin1_1_32_crop_02.jpg,0.7092024539877301,0.19560067681895094,0.30663129973474795,3,14,0
0506tin1_1_33_crop_02.jpg,0.8262642740619902,0.7605105105105106,0.7920250195465207,3,10,0
0506tin1_1_35_crop_01.jpg,0.8976897689768977,0.43215761042262474,0.5834405834405834,9,16,0
0506tin1_1_37_crop_01.jpg,0.5614828209764918,0.5495575221238939,0.5554561717352415,6,9,0
0506tin1_1_39_crop_01.jpg,0.5192743764172335,0.7292993630573248,0.6066225165562913,5,14,0
0506tin1_1_40_crop_01.jpg,0.7716171617161716,0.668,0.7160796324655436,12,21,0
0506tin1_1_45_crop_01.jpg,0.7522123893805309,0.31135531135531136,0.4404145077720208,4,3,0
0506tin1_1_46_crop_02.jpg,0.7243675099866844,0.703751617076326,0.7139107611548557,4,10,1
0506tin1_1_47_crop_03.jpg,0.0,0.0,0.0,1,0,0
0506tin1_1_49_crop_00.jpg,0.7930443301493999,0.7250335871025526,0.7575154988887589,24,55,0
0506tin1_1_50_crop_01.jpg,0.4104938271604938,0.764367816091954,0.5341365461847389,4,3,0
0506tin1_1_50_crop_03.jpg,0.8111888111888111,0.5296803652968036,0.6408839779005525,3,2,0
0506tin1_1_55_crop_02.jpg,0.45956607495069035,0.17598187311178248,0.2545057345712725,6,6,0
0506tin1_1_56_crop_02.jpg,0.1703216374269006,0.8566176470588235,0.28414634146341466,2,11,0
0506tin1_1_58_crop_00.jpg,0.6755277560594214,0.3102333931777379,0.4251968503937008,6,15,0
0506tin1_1_62_crop_02.jpg,0.8686868686868687,0.9052631578947369,0.88659793814433,1,2,0
0506tin1_1_64_crop_01.jpg,0.843956043956044,0.8757126567844926,0.8595411303861219,3,14,0
0506tin1_1_65_crop_01.jpg,0.8421052631578947,0.5199409158050221,0.6429223744292237,7,12,0
0506tin1_1_68_crop_01.jpg,0.6567164179104478,0.946236559139785,0.7753303964757708,1,4,0
0506tin1_1_69_crop_02.jpg,0.4423841059602649,0.8835978835978836,0.589585172109444,4,5,0
0506tin1_1_71_crop_01.jpg,0.7975460122699386,0.6175771971496437,0.6961178045515395,5,4,0
0506tin2_01-03_crop_01.jpg,0.8053156146179402,0.697955657932623,0.7478019435446552,2,16,0
0506tin2_01-10_crop_00.jpg,0.8273195876288659,0.6032417195207893,0.6977312865099851,15,21,0
0506tin2_01-15_crop_01.jpg,0.976878612716763,0.5847750865051903,0.7316017316017316,1,1,0
0506tin2_01-16_crop_00.jpg,0.8118293640408271,0.5369568980439675,0.6463846634715567,20,33,0
0506tin2_01-16_crop_01.jpg,0.7698042870456664,0.6976351351351351,0.7319450598139122,2,10,0
0506tin2_01-21_crop_02.jpg,0.7852760736196319,0.8648648648648649,0.8231511254019293,1,3,0
0506tin2_02-01_crop_01.jpg,0.7155765920826161,0.810823988298391,0.7602285714285715,9,22,0
0506tin2_02-02_crop_00.jpg,0.560105680317041,0.8617886178861789,0.678943154523619,4,14,0
0506tin2_02-04_crop_03.jpg,0.7469879518072289,0.9538461538461539,0.8378378378378377,1,4,0
0506tin2_02-14_crop_02.jpg,0.6728971962616822,0.8571428571428571,0.7539267015706805,1,4,0
0506tin2_02-16_crop_02.jpg,0.0,0.0,0.0,1,2,0
0506tin2_02-18_crop_01.jpg,0.766497461928934,0.9263803680981595,0.8388888888888888,2,8,0
0506tin2_02-18_crop_02.jpg,0.0,0.0,0.0,1,0,0
0506tin2_02-21_crop_00.jpg,0.85234375,0.3557222041082491,0.5019553715205889,2,9,0
0506tin2_02-21_crop_01.jpg,0.0,0.0,0.0,1,0,0
0506tin2_03-02_crop_02.jpg,0.38288288288288286,0.7727272727272727,0.5120481927710843,1,4,0
0506tin2_03-03_crop_02.jpg,0.9052532833020638,0.6403450564034505,0.750097162844928,7,8,0
0506tin2_03-04_crop_01.jpg,0.6953271028037383,0.6158940397350994,0.6532045654082529,9,9,0
0506tin2_03-07_crop_00.jpg,0.9246788370520622,0.3991827203736135,0.5576350662589195,10,32,0
0506tin2_03-10_crop_01.jpg,0.8305308275634685,0.3772652388797364,0.5188465499485067,5,15,0
0506tin2_03-11_crop_00.jpg,0.8553861288735858,0.6031911203607353,0.7074857607811227,14,30,0
0506tin2_03-11_crop_01.jpg,0.827426810477658,0.8050974512743628,0.8161094224924011,6,16,0
0506tin2_03-14_crop_01.jpg,0.881447078953801,0.6743968580512437,0.7641449459631278,10,37,0
0506tin2_03-19_crop_02.jpg,0.9122807017543859,0.5810055865921788,0.7098976109215016,2,2,0
0506tin2_03-21_crop_00.jpg,0.7164614387556708,0.632618025751073,0.671934356480778,14,18,0
0506tin2_03-21_crop_03.jpg,1.0,0.10251450676982592,0.18596491228070175,1,0,0
0506tin2_04-01_crop_01.jpg,0.8364366557137641,0.5850357507660878,0.6885048835462058,6,23,0
0506tin2_04-03_crop_00.jpg,0.7598870056497176,0.8053892215568862,0.7819767441860466,5,9,0
0506tin2_04-10_crop_02.jpg,0.6201923076923077,0.9381818181818182,0.7467438494934878,3,11,0
0506tin2_04-20_crop_02.jpg,0.3103448275862069,0.9230769230769231,0.4645161290322581,2,8,0
0506tin2_05-01_crop_02.jpg,0.5221518987341772,0.9166666666666666,0.6653225806451613,2,8,0
0506tin2_05-06_crop_03.jpg,0.9579439252336449,0.9234234234234234,0.9403669724770642,1,2,0
0506tin2_05-09_crop_00.jpg,0.872382851445663,0.6598793363499246,0.7513954486904251,7,13,0
0506tin2_05-14_crop_00.jpg,0.9157166123778502,0.9116335630320227,0.9136705261019703,12,29,0
0506tin2_05-18_crop_00.jpg,0.6949602122015915,0.7649635036496351,0.728283530229326,7,12,0
0506tin2_05-18_crop_01.jpg,0.9305912596401028,0.9378238341968912,0.9341935483870969,4,6,0
0506tin2_05-19_crop_00.jpg,0.9103448275862069,0.624113475177305,0.7405329593267882,7,4,0
0506tin2_05-19_crop_01.jpg,0.6906766448394138,0.8552123552123552,0.7641883732965327,3,20,0
0506tin2_06-06_crop_00.jpg,0.6797979797979798,0.6763819095477387,0.6780856423173804,8,8,0
0506tin2_06-08_crop_00.jpg,0.6776913099870299,0.8878504672897196,0.7686649503493931,8,7,0
0506tin2_06-13_crop_02.jpg,0.9451612903225807,0.679814385150812,0.7908232118758434,6,4,0
0506tin2_06-18_crop_00.jpg,0.9696969696969697,0.7989487516425755,0.8760806916426512,6,3,0
0506tin2_06-19_crop_00.jpg,0.8391451068616423,0.6888273314866112,0.7565922920892495,13,8,0
0506tin2_07-05_crop_02.jpg,0.9042654028436019,0.4264640143048726,0.5795868772782503,2,7,0
0506tin2_07-09_crop_00.jpg,0.8214285714285714,0.7225130890052356,0.7688022284122563,4,4,0
0506tin2_07-11_crop_01.jpg,0.9567567567567568,0.7436974789915967,0.8368794326241135,4,3,0
0506tin2_07-16_crop_01.jpg,0.9735849056603774,0.43179916317991635,0.5982608695652174,6,4,0
0506tin2_08-08_crop_02.jpg,1.0,0.6917293233082706,0.8177777777777777,1,0,0
0506tin2_08-11_crop_01.jpg,0.0,0.0,0.0,1,1,0
0506tin2_08-12_crop_00.jpg,0.751145038167939,0.43967828418230565,0.5546786922209695,9,9,0
0506tin2_08-15_crop_00.jpg,0.9581749049429658,0.5791201575837164,0.7219152854511971,10,4,0
0506tin2_08-16_crop_01.jpg,1.0,0.4678471575023299,0.6374603174603174,4,0,0
0506tin2_08-17_crop_02.jpg,0.9144427001569859,0.4278369445464561,0.5829372029021767,1,9,0
0506tin2_08-18_crop_01.jpg,1.0,0.6927710843373494,0.8185053380782917,1,0,0
0506tin2_09-03_crop_01.jpg,1.0,0.5528455284552846,0.712041884816754,2,0,0
0506tin2_09-11_crop_00.jpg,0.9746926970354303,0.7366120218579235,0.8390911920323685,11,5,0
0506tin2_09-13_crop_01.jpg,0.9205607476635514,0.6370250606305577,0.752986144290492,5,1,0
0506tin2_09-14_crop_00.jpg,0.8303571428571429,0.5861344537815126,0.687192118226601,5,1,0
0506tin2_09-14_crop_02.jpg,0.0,0.0,0.0,1,0,0
0506tin2_10-01_crop_00.jpg,0.883406113537118,0.7329710144927536,0.8011881188118812,22,18,0
0506tin2_10-07_crop_01.jpg,0.9111111111111111,0.7142857142857143,0.80078125,10,11,0
0506tin2_10-08_crop_01.jpg,0.5199709513435004,0.8053993250843644,0.6319505736981466,11,15,0
0506tin2_10-10_crop_03.jpg,0.9496314496314496,0.5730170496664195,0.7147480351363847,5,6,0
0506tin2_10-14_crop_01.jpg,0.7880085653104925,0.9583333333333334,0.8648648648648649,2,11,0
0506tin2_10-14_crop_02.jpg,0.8909090909090909,0.3387096774193548,0.4908180300500834,1,2,0
0506tin2_10-16_crop_01.jpg,0.9041095890410958,0.42230347349177333,0.5757009345794393,4,9,0
0506tin2_10-21_crop_02.jpg,0.824265505984766,0.8701895462377943,0.8466051969823972,3,16,0
0506tin2_11-03_crop_01.jpg,0.907530454042082,0.6937566137566138,0.7863739954420056,8,25,0
0506tin2_11-07_crop_01.jpg,0.9280694501860273,0.6757977122215533,0.7820937118968821,7,22,3
0506tin2_11-10_crop_02.jpg,1.0,0.453042328042328,0.6235776058261265,1,0,0
0506tin2_11-19_crop_00.jpg,0.9916666666666667,0.6839080459770115,0.8095238095238095,3,0,0
0506tin2_11-21_crop_01.jpg,0.5945945945945946,0.8537906137184116,0.7010003705075954,8,6,0
0506tin2_12-06_crop_00.jpg,0.8343982960596379,0.578869597340229,0.6835332606324973,14,15,3
0506tin2_12-07_crop_00.jpg,0.39487726787620064,0.7020872865275142,0.505464480874317,6,11,0
0506tin2_12-07_crop_02.jpg,0.6498150431565968,0.8120184899845917,0.7219178082191782,5,8,0
0506tin2_12-17_crop_00.jpg,0.8868055555555555,0.9037508846426043,0.8951980371538731,10,24,0
0506tin2_13-05_crop_02.jpg,0.3660377358490566,0.3943089430894309,0.37964774951076324,5,1,1
0506tin2_14-04_crop_00.jpg,0.5984486873508353,0.7998405103668261,0.6846416382252559,18,21,0
0506tin2_14-05_crop_01.jpg,0.8671826625386997,0.6503366612491294,0.7432665516783866,9,24,0
0506tin2_14-08_crop_00.jpg,0.8287963266644801,0.8964171692089393,0.8612815269256987,11,29,0
0506tin2_14-08_crop_02.jpg,0.9377431906614786,0.32789115646258504,0.4858870967741936,6,4,0
0506tin2_14-09_crop_00.jpg,0.869857262804366,0.7384176764076978,0.7987663839629915,11,22,0
0506tin2_14-09_crop_01.jpg,0.967741935483871,0.30927835051546393,0.46875,1,0,0
0506tin2_14-10_crop_00.jpg,0.9143730886850153,0.5625587958607714,0.6965637740244612,14,17,2
0506tin2_14-16_crop_00.jpg,0.9544108940201302,0.6726603694852243,0.7891410769915442,28,31,0
0506tin2_14-16_crop_02.jpg,0.9846517119244392,0.3698447893569845,0.5377176015473888,7,3,0
0506tin2_14-16_crop_03.jpg,0.9212827988338192,0.9294117647058824,0.9253294289897511,2,6,0
0506tin2_15-02_crop_01.jpg,0.9267130089374379,0.6165433403805497,0.7404586209632628,9,29,0
0506tin2_15-04_crop_01.jpg,0.6987767584097859,0.7370967741935484,0.7174254317111459,8,11,0
0506tin2_15-04_crop_02.jpg,0.9817073170731707,0.755868544600939,0.8541114058355438,4,0,1
0506tin2_15-12_crop_00.jpg,0.7888218482057796,0.8059701492537313,0.797303803562831,23,28,0
0506tin2_15-12_crop_01.jpg,0.6334431630971994,0.9309927360774818,0.753921568627451,7,10,0
0506tin2_15-16_crop_00.jpg,0.8943037974683544,0.7432930036822725,0.8118356794024705,14,27,0
0506tin2_15-16_crop_02.jpg,0.855595667870036,0.8681318681318682,0.8618181818181818,2,6,0
0506tin2_15-20_crop_00.jpg,0.8230313293818797,0.6569787090233187,0.7306897199774478,19,17,0
0528_1-10_crop_00.jpg,0.8245823389021479,0.38495821727019497,0.5248765666540068,22,13,4
0528_1-12_crop_00.jpg,0.8732078853046595,0.7237281841812105,0.7914720812182742,15,18,6
0528_1-15_crop_00.jpg,0.7939209726443769,0.7332959011791128,0.762405137186223,13,17,1
0528_1-15_crop_02.jpg,0.8443051201671892,0.9450292397660819,0.8918322295805741,4,18,0
0528_1-17_crop_01.jpg,0.9912280701754386,0.23492723492723494,0.3798319327731093,7,0,0
0528_1-18_crop_01.jpg,0.7034700315457413,0.8745098039215686,0.7797202797202797,1,7,0
0528_1-19_crop_00.jpg,0.8659955257270694,0.9071947504101242,0.8861165159665789,10,28,3
0528_1-21_crop_01.jpg,0.7278911564625851,0.823076923076923,0.772563176895307,2,3,0
0528_1-21_crop_02.jpg,0.4909090909090909,0.9310344827586207,0.6428571428571428,2,0,0
0528_1-26_crop_00.jpg,0.8076923076923077,0.8930412371134021,0.8482252141982864,4,14,1
0528_1-26_crop_02.jpg,0.0,0.0,0.0,0,1,0
0528_1-32_crop_00.jpg,0.5660225442834138,0.8716676999380037,0.6863558701488893,6,39,0
0528_1-3_crop_01.jpg,0.9708520179372198,0.9180212014134276,0.9436977842353796,2,4,0
0528_1-4_crop_01.jpg,0.792995622263915,0.7316791690709752,0.7611044417767107,9,11,2
0528_1-6_crop_01.jpg,0.8392857142857143,0.8657894736842106,0.8523316062176166,5,5,2
0528_1-7_crop_00.jpg,0.8767123287671232,0.378698224852071,0.5289256198347108,4,3,0
0528_2-10_crop_01.jpg,0.8821917808219178,0.8870523415977961,0.8846153846153847,2,2,2
0528_2-13_crop_00.jpg,0.922509225092251,0.7295719844357976,0.8147745790331341,4,8,0
0528_2-13_crop_01.jpg,0.0,0.0,0.0,0,0,0
0528_2-18_crop_02.jpg,0.6532258064516129,0.675,0.6639344262295083,1,2,0
0528_2-20_crop_00.jpg,0.7361111111111112,0.977859778597786,0.8399366085578447,3,8,1
0528_2-20_crop_03.jpg,0.7371794871794872,0.9163346613545816,0.8170515097690941,1,4,0
0528_2-22_crop_00.jpg,0.7567567567567568,0.9210526315789473,0.8308605341246291,2,5,0
0528_2-24_crop_02.jpg,0.7472118959107806,0.9710144927536232,0.8445378151260504,1,5,0
0528_2-27_crop_02.jpg,0.8529729729729729,0.9621951219512195,0.9042979942693409,2,7,0
0528_2-6_crop_01.jpg,0.7513321492007105,0.9548532731376975,0.8409542743538767,1,6,0
0711-41_crop_01.jpg,0.6574279379157428,0.7792378449408672,0.7131689717378232,4,5,0
0711-44_crop_01.jpg,0.9351206434316354,0.8821446636317652,0.9078604893284746,4,22,0
0711-44_crop_02.jpg,0.0,0.0,0.0,0,0,0
0711-48_crop_01.jpg,0.29608938547486036,0.9137931034482759,0.44725738396624476,2,0,3
0711-49_crop_01.jpg,1.0,0.601113172541744,0.7508690614136733,3,0,0
0711-50_crop_01.jpg,0.8198473282442749,0.9693140794223827,0.8883374689826303,1,8,0
0711-50_crop_02.jpg,0.9775280898876404,0.87,0.9206349206349206,1,0,0
0711-50_crop_03.jpg,0.0,0.0,0.0,0,0,0
0711-51_crop_00.jpg,0.8216672529018643,0.9071844660194175,0.862310815799188,10,42,0
0711-52_crop_00.jpg,0.8961538461538462,0.608355091383812,0.724727838258165,5,2,0
0711-54_crop_00.jpg,0.9176852082813669,0.9199799949987497,0.9188311688311689,7,29,0
0711-58_crop_00.jpg,0.8432329807431516,0.8459863945578231,0.8446074436294484,10,33,4
0711-61_crop_01.jpg,0.0,0.0,0.0,0,0,0
0711-62_crop_01.jpg,0.6987577639751553,0.896414342629482,0.7853403141361257,2,7,0
0711-64_crop_02.jpg,0.7479674796747967,0.9787234042553191,0.8479262672811059,1,2,0
0711-66_crop_00.jpg,0.5963060686015831,0.8173598553345389,0.6895499618611747,3,14,0
0711-67_crop_02.jpg,0.0,0.0,0.0,0,0,0
0711-70_crop_01.jpg,0.9286422200198216,0.9503042596348884,0.9393483709273183,2,11,0
0711-71_crop_01.jpg,0.9626168224299065,0.865546218487395,0.9115044247787611,2,2,0
0726-11_crop_01.jpg,0.7352697095435685,0.7996389891696751,0.7661046260268051,9,28,0
0726-13_crop_01.jpg,0.7800718132854578,0.9445652173913044,0.8544739429695183,5,18,0
0726-14_crop_01.jpg,0.36648501362397823,0.6758793969849246,0.4752650176678445,5,7,0
0726-15_crop_00.jpg,0.7012411347517731,0.6537190082644628,0.6766467065868264,16,24,0
0726-15_crop_01.jpg,0.7177166724678037,0.8496085702513391,0.7781132075471697,16,48,1
0726-16_crop_01.jpg,0.7064935064935065,0.3496143958868895,0.46775580395528804,3,5,0
0726-18_crop_00.jpg,0.7563025210084033,0.7912087912087912,0.7733619763694952,9,13,0
0726-20_crop_00.jpg,0.6912891986062718,0.8740088105726872,0.7719844357976654,10,23,0
0726-24_crop_00.jpg,0.760840108401084,0.8027162258756254,0.7812173913043478,9,28,0
0726-26_crop_02.jpg,0.859504132231405,0.6910299003322259,0.7661141804788214,6,10,0
0726-28_crop_00.jpg,0.6318181818181818,0.6650717703349283,0.6480186480186481,18,33,0
0726-29_crop_00.jpg,0.8482682792743266,0.757486499754541,0.800311203319502,18,21,0
0726-30_crop_02.jpg,0.8366013071895425,0.8752136752136752,0.8554720133667502,5,7,3
0726-32_crop_01.jpg,0.7110834371108343,0.8724216959511077,0.783533447684391,12,34,0
0726-35_crop_00.jpg,0.8646482635796973,0.841421143847487,0.8528765920070267,18,34,0
0726-36_crop_00.jpg,0.7032967032967034,0.8050314465408805,0.7507331378299121,11,21,0
0726-6_crop_01.jpg,0.8051257253384912,0.8828207847295865,0.842185128983308,10,31,2
0726-7_crop_01.jpg,0.6645833333333333,0.8787878787878788,0.756820877817319,4,4,5
0822-11_crop_02.jpg,0.39344262295081966,0.582995951417004,0.4698205546492659,2,5,0
0822-13_crop_00.jpg,0.7493840197113693,0.5489943269726664,0.6337252567346331,16,39,0
0822-14_crop_00.jpg,0.7674731182795699,0.6510832383124288,0.704503392967304,19,37,0
0822-14_crop_01.jpg,0.9327868852459016,0.3516687268232386,0.5107719928186715,6,5,0
0822-15_crop_00.jpg,0.7771239426259654,0.678548490687219,0.7244985427738728,19,38,0
0822-16_crop_00.jpg,0.7553784860557768,0.6240947992100065,0.6834895457822638,12,20,0
0822-16_crop_01.jpg,0.38145896656534956,0.7723076923076924,0.5106815869786369,2,8,0
0822-17_crop_00.jpg,0.7818773738469886,0.6898037338439444,0.7329603255340793,23,43,0
0822-17_crop_02.jpg,0.7630662020905923,0.6105947955390335,0.6783686112545174,2,5,0
0822-1_crop_00.jpg,0.5541666666666667,0.5833333333333334,0.5683760683760684,5,8,0
0822-21_crop_01.jpg,0.7294589178356713,0.4422843256379101,0.5506807866868381,4,13,0
0822-24_crop_00.jpg,0.7066365007541479,0.592662871600253,0.6446508427932577,11,19,0
0822-26_crop_01.jpg,0.6962095875139354,0.7299824663939217,0.7126961483594864,12,35,0
0822-26_crop_02.jpg,0.0,0.0,0.0,0,2,0
0822-28_crop_02.jpg,0.0,0.0,0.0,0,1,0
0822-2_crop_01.jpg,0.782051282051282,0.17941176470588235,0.29186602870813394,4,1,2
0822-30_crop_01.jpg,0.7738287560581584,0.6261437908496732,0.6921965317919077,6,13,0
0822-31_crop_01.jpg,0.8148148148148148,0.6483300589390962,0.7221006564551422,5,3,0
0822-33_crop_00.jpg,0.6634615384615384,0.592274678111588,0.6258503401360545,14,20,0
0822-9_crop_02.jpg,0.516,0.6649484536082474,0.5810810810810811,1,2,0
0826_D-11_crop_00.jpg,1.0,0.09330628803245436,0.1706864564007421,2,0,0
0826_D-11_crop_02.jpg,0.6809815950920245,0.8538461538461538,0.7576791808873721,2,0,2
0826_D-14_crop_01.jpg,0.875,0.9506172839506173,0.9112426035502958,1,0,4
0826_D-16_crop_02.jpg,0.897196261682243,0.5363128491620112,0.6713286713286714,3,0,4
0826_D-17_crop_01.jpg,0.8333333333333334,0.7788595271210014,0.805176132278936,7,0,12
0826_D-19_crop_01.jpg,0.9242424242424242,0.9432989690721649,0.9336734693877551,2,0,4
0826_D-20_crop_00.jpg,0.8829787234042553,0.9012833168805529,0.8920371275036639,7,0,13
0826_D-20_crop_01.jpg,0.9814814814814815,0.5921787709497207,0.7386759581881533,3,0,0
0826_D-25_crop_00.jpg,0.7702127659574468,0.7182539682539683,0.7433264887063655,6,0,11
0826_D-32_crop_02.jpg,0.9125,0.9798657718120806,0.9449838187702266,1,0,3
0826_D-33_crop_00.jpg,0.7959183673469388,0.2647058823529412,0.39728353140916806,8,0,2
0826_D-33_crop_01.jpg,0.9204712812960235,0.8434547908232118,0.8802816901408451,5,0,14
0826_D-37_crop_02.jpg,0.9432989690721649,0.9432989690721649,0.9432989690721649,2,0,4
0826_D-3_crop_01.jpg,0.9767441860465116,0.8456375838926175,0.9064748201438849,2,0,1
0826_D-42_crop_02.jpg,0.981651376146789,0.9469026548672567,0.963963963963964,1,0,0
0826_D-43_crop_01.jpg,0.8797250859106529,0.9175627240143369,0.8982456140350877,3,0,4
0826_D-45_crop_01.jpg,0.920892494929006,0.9153225806451613,0.9180990899898888,4,0,5
0826_D-4_crop_01.jpg,0.8695652173913043,0.8088235294117647,0.838095238095238,4,0,4
0826_D-56_crop_00.jpg,0.9027777777777778,0.8099688473520249,0.8538587848932677,5,0,4
0826_D-57_crop_00.jpg,0.9691211401425178,0.8292682926829268,0.8937568455640744,3,0,2
0826_D-5_crop_01.jpg,0.928125,0.8114754098360656,0.8658892128279884,2,0,2
0826_D-63_crop_00.jpg,0.8515406162464986,0.8941176470588236,0.8723098995695839,4,0,7
0826_D-66_crop_02.jpg,0.7407407407407407,0.8163265306122449,0.7766990291262137,1,0,1
0826_D-69_crop_01.jpg,0.9283018867924528,0.8945454545454545,0.9111111111111111,3,0,5
0826_D-70_crop_00.jpg,0.8774509803921569,0.8564593301435407,0.8668280871670703,5,2,9
0826_D-89_crop_01.jpg,0.8771929824561403,0.8992805755395683,0.8880994671403197,2,0,3
0826_D-8_crop_00.jpg,0.8824701195219123,0.8552123552123552,0.8686274509803922,6,0,14
0826_D-91_crop_02.jpg,0.31125827814569534,0.9591836734693877,0.4699999999999999,1,1,1
0826_D-94_crop_00.jpg,0.9953488372093023,0.3985102420856611,0.5691489361702128,5,0,0
0826_D-94_crop_01.jpg,0.84375,0.46551724137931033,0.6,2,0,1
0826_D-95_crop_00.jpg,0.7283464566929134,0.8409090909090909,0.7805907172995782,4,0,8
2025_3011_D_AWM-103_crop_00.jpg,0.9794871794871794,0.6025236593059937,0.74609375,12,0,1
2025_3011_D_AWM-10_crop_00.jpg,0.4807692307692308,0.5347593582887701,0.5063291139240508,7,1,3
2025_3011_D_AWM-116_crop_00.jpg,0.8947368421052632,0.8530465949820788,0.8733944954128441,6,0,2
2025_3011_D_AWM-119_crop_00.jpg,0.8694029850746269,0.797945205479452,0.8321428571428573,7,0,7
2025_3011_D_AWM-11_crop_00.jpg,0.373015873015873,0.706766917293233,0.4883116883116884,5,0,3
2025_3011_D_AWM-120_crop_00.jpg,0.9130434782608695,0.7682926829268293,0.8344370860927153,8,0,4
2025_3011_D_AWM-12_crop_00.jpg,0.7512437810945274,0.2996031746031746,0.4283687943262411,10,0,3
2025_3011_D_AWM-134_crop_00.jpg,0.8888888888888888,0.5176470588235295,0.6542750929368031,4,0,0
2025_3011_D_AWM-136_crop_00.jpg,0.35526315789473684,0.7941176470588235,0.4909090909090909,2,0,3
2025_3011_D_AWM-140_crop_00.jpg,0.8163265306122449,0.8791208791208791,0.8465608465608465,2,0,3
2025_3011_D_AWM-175_crop_00.jpg,0.2824427480916031,0.8705882352941177,0.4265129682997119,1,0,6
2025_3011_D_AWM-1_crop_00.jpg,0.8625,0.69,0.7666666666666667,4,0,2
2025_3011_D_AWM-22_crop_00.jpg,0.9025069637883009,0.8181818181818182,0.8582781456953643,8,0,8
2025_3011_D_AWM-25_crop_00.jpg,0.8,0.5895953757225434,0.6788685524126457,6,0,6
2025_3011_D_AWM-28_crop_00.jpg,0.85625,0.6954314720812182,0.7675070028011204,9,0,3
2025_3011_D_AWM-2_crop_00.jpg,0.6875,0.5919282511210763,0.6361445783132531,11,0,7
2025_3011_D_AWM-35_crop_00.jpg,0.7764705882352941,0.46261682242990654,0.5797950219619328,8,0,7
2025_3011_D_AWM-36_crop_00.jpg,0.6859504132231405,0.8137254901960784,0.7443946188340808,4,0,5
2025_3011_D_AWM-3_crop_00.jpg,0.41007194244604317,0.33727810650887574,0.3701298701298701,5,3,1
2025_3011_D_AWM-42_crop_00.jpg,0.6265912305516266,0.6392496392496393,0.6328571428571428,11,5,6
2025_3011_D_AWM-49_crop_00.jpg,0.780952380952381,0.7256637168141593,0.7522935779816513,6,2,3
2025_3011_D_AWM-4_crop_00.jpg,0.6720430107526881,0.7575757575757576,0.7122507122507121,5,0,4
2025_3011_D_AWM-54_crop_00.jpg,0.8671328671328671,0.7126436781609196,0.7823343848580441,6,0,2
2025_3011_D_AWM-62_crop_00.jpg,0.7348837209302326,0.7745098039215687,0.7541766109785203,8,0,3
2025_3011_D_AWM-63_crop_00.jpg,0.8235294117647058,0.7189189189189189,0.7676767676767676,6,3,5
2025_3011_D_AWM-69_crop_00.jpg,0.9565217391304348,0.5,0.6567164179104478,4,0,0
2025_3011_D_AWM-72_crop_00.jpg,0.8645833333333334,0.7545454545454545,0.8058252427184466,2,0,3
2025_3011_D_AWM-9_crop_00.jpg,0.8551724137931035,0.4542124542124542,0.5933014354066986,12,0,2
2025_3011_D_SHW-1_crop_00.jpg,0.7734806629834254,0.8974358974358975,0.8308605341246291,4,0,3
2025_3011_D_SHW-5_crop_00.jpg,0.7372262773722628,0.9181818181818182,0.8178137651821862,2,0,4
2025_3011_D_TS-102_crop_00.jpg,0.24615384615384617,0.8205128205128205,0.378698224852071,3,2,5
2025_3011_D_TS-104_crop_00.jpg,0.78125,0.7352941176470589,0.7575757575757576,4,0,3
2025_3011_D_TS-105_crop_00.jpg,0.704225352112676,0.5154639175257731,0.5952380952380952,7,0,4
2025_3011_D_TS-118_crop_00.jpg,0.7966101694915254,0.7230769230769231,0.7580645161290323,5,0,3
2025_3011_D_TS-131_crop_00.jpg,0.22556390977443608,0.6382978723404256,0.33333333333333337,3,1,3
2025_3011_D_TS-136_crop_00.jpg,0.71,0.797752808988764,0.7513227513227513,5,0,5
2025_3011_D_TS-138_crop_00.jpg,0.6615384615384615,0.4574468085106383,0.540880503144654,6,0,6
2025_3011_D_TS-147_crop_00.jpg,0.5681818181818182,0.5952380952380952,0.5813953488372093,2,0,0
2025_3011_D_TS-15_crop_00.jpg,0.9206349206349206,0.7341772151898734,0.8169014084507041,6,0,1
2025_3011_D_TS-16_crop_00.jpg,0.20642201834862386,0.6338028169014085,0.3114186851211073,3,1,2
2025_3011_D_TS-172_crop_00.jpg,0.0,0.0,0.0,0,0,1
2025_3011_D_TS-182_crop_00.jpg,0.8571428571428571,0.9230769230769231,0.888888888888889,1,0,0
2025_3011_D_TS-187_crop_00.jpg,0.7966101694915254,0.8545454545454545,0.8245614035087718,3,0,2
2025_3011_D_TS-189_crop_00.jpg,0.76,0.912,0.8290909090909091,5,0,9
2025_3011_D_TS-197_crop_00.jpg,0.6666666666666666,0.9615384615384616,0.7874015748031495,4,0,7
2025_3011_D_TS-209_crop_00.jpg,0.7904761904761904,0.7545454545454545,0.772093023255814,6,1,6
2025_3011_D_TS-20_crop_00.jpg,0.19576719576719576,0.23270440251572327,0.21264367816091953,3,1,0
2025_3011_D_TS-216_crop_00.jpg,0.7080536912751678,0.7275862068965517,0.717687074829932,9,5,5
2025_3011_D_TS-233_crop_00.jpg,0.75,0.3230769230769231,0.4516129032258065,5,0,2
2025_3011_D_TS-235_crop_00.jpg,0.8,0.7761194029850746,0.787878787878788,4,0,3
2025_3011_D_TS-236_crop_00.jpg,0.6342857142857142,0.7816901408450704,0.7003154574132492,6,2,6
2025_3011_D_TS-24_crop_00.jpg,0.958904109589041,0.6306306306306306,0.7608695652173912,3,0,1
2025_3011_D_TS-259_crop_00.jpg,0.16363636363636364,0.5,0.24657534246575344,2,0,2
2025_3011_D_TS-265_crop_00.jpg,0.6666666666666666,0.45454545454545453,0.5405405405405405,4,0,2
2025_3011_D_TS-271_crop_00.jpg,0.6785714285714286,0.5846153846153846,0.6280991735537191,5,0,4
2025_3011_D_TS-286_crop_00.jpg,0.6666666666666666,0.4342105263157895,0.5258964143426295,8,0,3
2025_3011_D_TS-294_crop_00.jpg,0.7058823529411765,0.8181818181818182,0.7578947368421053,4,0,4
2025_3011_D_TS-302_crop_00.jpg,0.8333333333333334,0.11904761904761904,0.20833333333333331,2,0,0
2025_3011_D_TS-303_crop_00.jpg,0.6352941176470588,0.6506024096385542,0.6428571428571428,3,0,1
2025_3011_D_TS-304_crop_00.jpg,0.7,0.3146067415730337,0.4341085271317829,5,0,1
2025_3011_D_TS-305_crop_00.jpg,0.6833333333333333,0.8367346938775511,0.7522935779816514,1,1,1
2025_3011_D_TS-306_crop_00.jpg,0.7872340425531915,0.8131868131868132,0.7999999999999999,3,0,4
2025_3011_D_TS-308_crop_00.jpg,0.7580645161290323,0.5595238095238095,0.6438356164383562,4,0,1
2025_3011_D_TS-311_crop_00.jpg,0.7162162162162162,0.7571428571428571,0.736111111111111,6,0,9
2025_3011_D_TS-314_crop_00.jpg,0.6595744680851063,0.3522727272727273,0.4592592592592593,4,0,6
2025_3011_D_TS-315_crop_00.jpg,0.8387096774193549,0.4444444444444444,0.5810055865921788,5,0,2
2025_3011_D_TS-317_crop_00.jpg,0.7799145299145299,0.6144781144781145,0.6873822975517891,3,2,2
2025_3011_D_TS-323_crop_00.jpg,0.7581699346405228,0.7631578947368421,0.7606557377049181,8,0,7
2025_3011_D_TS-325_crop_00.jpg,0.48484848484848486,0.8205128205128205,0.6095238095238096,3,1,3
2025_3011_D_TS-32_crop_00.jpg,0.8506787330316742,0.9082125603864735,0.8785046728971962,3,0,4
2025_3011_D_TS-330_crop_00.jpg,0.6707317073170732,0.5,0.5729166666666666,6,0,5
2025_3011_D_TS-339_crop_00.jpg,0.8269230769230769,0.4849624060150376,0.6113744075829383,4,1,3
2025_3011_D_TS-340_crop_00.jpg,0.6818181818181818,0.6293706293706294,0.6545454545454544,7,0,4
2025_3011_D_TS-363_crop_00.jpg,0.281767955801105,0.37777777777777777,0.3227848101265823,7,1,3
2025_3011_D_TS-36_crop_00.jpg,0.3114754098360656,0.12258064516129032,0.17592592592592593,3,0,1
2025_3011_D_TS-374_crop_00.jpg,0.6153846153846154,0.7619047619047619,0.6808510638297872,2,0,3
2025_3011_D_TS-378_crop_00.jpg,0.23529411764705882,0.6153846153846154,0.3404255319148936,1,0,2
2025_3011_D_TS-37_crop_00.jpg,0.543859649122807,0.5254237288135594,0.5344827586206897,6,0,5
2025_3011_D_TS-381_crop_00.jpg,0.8470588235294118,0.5106382978723404,0.6371681415929203,9,0,2
2025_3011_D_TS-383_crop_00.jpg,0.7284768211920529,0.873015873015873,0.7942238267148014,2,0,2
2025_3011_D_TS-384_crop_00.jpg,0.5930232558139535,0.03355263157894737,0.0635118306351183,3,1,0
2025_3011_D_TS-3_crop_00.jpg,0.8888888888888888,0.21238938053097345,0.3428571428571429,5,0,1
2025_3011_D_TS-51_crop_00.jpg,0.7333333333333333,0.28205128205128205,0.4074074074074074,3,0,1
2025_3011_D_TS-59_crop_00.jpg,0.8857142857142857,0.7380952380952381,0.8051948051948051,4,0,2
2025_3011_D_TS-68_crop_00.jpg,0.5116279069767442,0.5641025641025641,0.5365853658536586,3,0,4
2025_3011_D_TS-71_crop_00.jpg,0.7671232876712328,0.7368421052631579,0.7516778523489932,4,0,3
2025_3011_D_TS-83_crop_00.jpg,0.8548387096774194,0.8324607329842932,0.843501326259947,7,0,7
2025_3011_D_TS-8_crop_00.jpg,0.5405405405405406,0.7142857142857143,0.6153846153846154,4,0,4
2025_3011_D_TS-91_crop_00.jpg,0.765625,0.7050359712230215,0.7340823970037453,7,0,4
2025_3011_D_TS-92_crop_00.jpg,0.6853932584269663,0.40939597315436244,0.5126050420168068,9,0,8
240110-B-135_crop_00.jpg,0.8471337579617835,0.7957718388512166,0.8206499382969971,3,16,0
240110-B-137_crop_02.jpg,0.0,0.0,0.0,0,0,0
240110-B-138_crop_00.jpg,0.9255029907558455,0.8278210116731517,0.8739409499358152,4,18,0
240115-A-663_crop_01.jpg,0.7548076923076923,0.9573170731707317,0.8440860215053764,3,10,0
240115-A-666_crop_00.jpg,0.8897502153316107,0.8754237288135593,0.882528833831696,7,21,0
240115-A-667_crop_01.jpg,0.9170812603648425,0.9357021996615905,0.9262981574539364,1,8,0
240115-A-668_crop_01.jpg,0.9267376330619912,0.897513644633111,0.9118915588416512,4,19,0
240115-A-669_crop_01.jpg,0.8613138686131386,0.921875,0.890566037735849,1,3,0
240115-A-673_crop_00.jpg,0.9390497298794847,0.9112783976340906,0.9249556556146813,10,53,0
240115-A-676_crop_00.jpg,0.9547859547859547,0.951126018207954,0.9529524723955832,3,14,0
240115-A-678_crop_00.jpg,0.9284420289855072,0.7615156017830609,0.836734693877551,5,12,0
240115-A-678_crop_01.jpg,0.9425182481751825,0.9069359086918349,0.9243847874720358,3,9,0
240115-A-678_crop_02.jpg,0.0,0.0,0.0,0,0,0
240115-A-679_crop_02.jpg,0.0,0.0,0.0,0,0,0
240115-A-686_crop_02.jpg,0.9765625,0.7961783439490446,0.8771929824561403,1,2,0
240115-A-690_crop_01.jpg,0.7285714285714285,0.38345864661654133,0.5024630541871921,2,2,0
240115-A-699_crop_00.jpg,0.9401088929219601,0.8604651162790697,0.8985255854293149,5,17,0
240115-A-699_crop_02.jpg,0.8740740740740741,0.8027210884353742,0.8368794326241135,2,4,0
240115-A-702_crop_00.jpg,0.9276018099547512,0.8664412510566357,0.895979020979021,5,14,0
240115-A-702_crop_01.jpg,0.8660351826792964,0.8290155440414507,0.8471211118464593,3,6,0
240115-A-703_crop_02.jpg,0.9236686390532545,0.8844192634560907,0.903617945007236,3,10,0
240115-A-704_crop_00.jpg,0.9314627414903404,0.8444537114261885,0.8858267716535434,7,17,0
240115-A-704_crop_02.jpg,0.9300184162062615,0.8752166377816292,0.9017857142857143,2,8,0
240115-B-146_crop_00.jpg,0.9126803340926348,0.8244170096021948,0.8663063063063063,3,15,0
240115-B-146_crop_01.jpg,0.9643527204502814,0.905726872246696,0.9341208541572013,1,3,0
240115-B-147_crop_00.jpg,0.7827868852459017,0.9271844660194175,0.848888888888889,4,14,0
240115-B-147_crop_01.jpg,0.9187202766969303,0.8685877784590231,0.8929509402248136,4,20,0
240115-B-150_crop_00.jpg,0.9116398713826367,0.9390567037625861,0.9251452065522419,9,72,0
240115-B-157_crop_00.jpg,0.7867120954003407,0.6759367681498829,0.7271295858919856,5,20,1
240115-B-161_crop_00.jpg,0.7909859154929577,0.9200524246395806,0.85065131778249,5,21,0
240115-B-162_crop_00.jpg,0.6008719778042013,0.8603859250851306,0.7075845974329054,4,28,0
240115-B-163_crop_00.jpg,0.8121432278152568,0.8315621679064825,0.8217379889734839,4,20,0
240115-B-172_crop_00.jpg,0.9121841890790546,0.9364149759464547,0.924140778202085,2,25,0
240115-B-173_crop_02.jpg,0.7365591397849462,0.43630573248407645,0.548,1,2,0
240115-B-174_crop_00.jpg,0.7522426313541222,0.8831494483450351,0.8124567474048442,2,18,0
240115-C-148_crop_00.jpg,0.9458002695014224,0.9173685739180947,0.9313674898636196,2,17,1
240115-C-155_crop_01.jpg,0.748587570621469,0.6865284974093264,0.7162162162162161,3,8,0
240115-C-155_crop_02.jpg,0.0,0.0,0.0,0,0,0
240115-C-156_crop_00.jpg,0.9086146682188592,0.9786833855799373,0.9423483247811651,1,26,0
240115-C-156_crop_01.jpg,0.8850574712643678,0.9130434782608695,0.8988326848249028,1,7,0
240115-C-160_crop_01.jpg,0.884269314303444,0.9713701431492843,0.9257755400357318,3,18,0
240115-C-160_crop_02.jpg,0.0,0.0,0.0,0,0,0
240115-C-163_crop_00.jpg,0.9338190649666059,0.9338190649666059,0.9338190649666059,4,15,0
240115-C-163_crop_01.jpg,0.8412863070539419,0.857293868921776,0.849214659685864,3,14,0
240115-C-168_crop_01.jpg,0.851652574942352,0.8892455858747994,0.8700431880643895,3,12,0
240115-C-169_crop_01.jpg,0.9206349206349206,0.8613861386138614,0.8900255754475703,2,4,0
240115-C-172_crop_00.jpg,0.9152784388386482,0.9192160611854685,0.9172430240877655,2,13,0
240115-C-173_crop_01.jpg,0.9067357512953368,0.5162241887905604,0.6578947368421052,3,1,0
240124-A-747_crop_00.jpg,0.8327576280944157,0.8737541528239202,0.8527634487840826,4,16,0
240124-B-176_crop_00.jpg,0.8453278501256568,0.8887821282728802,0.8665105386416863,2,16,2
240124-B-179_crop_00.jpg,0.720569210866753,0.6365714285714286,0.6759708737864077,1,10,0
240124-B-183_crop_01.jpg,0.9210526315789473,0.9292035398230089,0.9251101321585904,1,0,2
240124-B-185_crop_01.jpg,0.0,0.0,0.0,1,0,0
240124-B-185_crop_02.jpg,0.525691699604743,0.4539249146757679,0.48717948717948717,1,3,0
240124-B-186_crop_01.jpg,0.89171974522293,0.550098231827112,0.6804374240583232,2,3,0
240124-B-190_crop_02.jpg,0.0,0.0,0.0,0,0,0
240124-B-191_crop_01.jpg,0.8261964735516373,0.9010989010989011,0.862023653088042,2,3,0
240124-B-191_crop_02.jpg,0.0,0.0,0.0,1,0,0
240124-B-192_crop_01.jpg,0.0,0.0,0.0,0,0,0
240124-B-25_crop_00.jpg,0.8521718822979916,0.7744057724957555,0.8114298421169669,1,22,0
240124-B-28_crop_00.jpg,0.937856689917565,0.8761848341232228,0.9059724349157735,2,6,2
240124-B-28_crop_01.jpg,0.0,0.0,0.0,0,0,1
240124-B-32_crop_00.jpg,0.9375,0.4166666666666667,0.5769230769230769,2,0,1
240124-B-32_crop_01.jpg,0.9167261237386607,0.8157823129251701,0.8633134958725283,1,46,0
240124-B-34_crop_00.jpg,0.9707392197125256,0.7658971243418388,0.856237265112067,1,6,0
240124-B-37_crop_01.jpg,1.0,0.25853658536585367,0.4108527131782946,2,0,0
240124-C-176_crop_00.jpg,0.968994338096522,0.9018820577164366,0.9342344684169482,3,18,0
240508_2-11_crop_01.jpg,0.5670103092783505,0.7407407407407407,0.6423357664233577,1,5,0
240508_2-13_crop_00.jpg,0.6184391586396697,0.9413524835427888,0.7464705184482145,9,46,0
240508_2-13_crop_01.jpg,0.8362877997914494,0.8545551411827385,0.8453227931488801,8,25,0
240508_2-16_crop_00.jpg,0.9628252788104089,0.8450244698205547,0.900086880973067,3,4,0
240508_2-18_crop_01.jpg,0.0,0.0,0.0,0,0,0
240508_2-1_crop_00.jpg,0.8511393903521752,0.8694074969770254,0.8601764617915358,7,20,0
240508_2-20_crop_00.jpg,0.8989023685730791,0.8790960451977401,0.8888888888888888,4,19,0
240508_2-21_crop_01.jpg,0.9136822773186409,0.8945160323643991,0.9039975772259237,5,26,0
240508_2-23_crop_00.jpg,0.9384146341463414,0.8963308095515434,0.9168900804289544,6,16,0
240508_2-27_crop_00.jpg,0.9347666748106523,0.9159683983720374,0.9252720677146312,6,41,0
240508_2-28_crop_02.jpg,0.7115384615384616,0.9367088607594937,0.8087431693989072,1,1,1
240508_2-2_crop_00.jpg,0.7611741160773849,0.8663629460895975,0.8103693181818182,5,15,0
240508_2-30_crop_02.jpg,0.5226586102719033,0.8357487922705314,0.6431226765799257,1,6,0
240508_2-32_crop_02.jpg,0.0,0.0,0.0,0,0,0
240508_2-34_crop_00.jpg,0.9495892457057505,0.8756887052341598,0.9111429595127195,4,14,0
240508_2-36_crop_00.jpg,0.9184255561893896,0.904663794718112,0.9114927344782033,9,46,0
240508_2-38_crop_01.jpg,0.7200902934537246,0.8861111111111111,0.7945205479452053,2,5,0
240508_2-39_crop_01.jpg,0.9455782312925171,0.8395168248490078,0.8893967093235833,5,11,0
240508_2-3_crop_00.jpg,0.8597883597883598,0.8916323731138546,0.8754208754208753,5,12,3
240508_2-3_crop_01.jpg,0.8469217970049917,0.8209677419354838,0.8337428337428338,2,4,0
240508_2-4_crop_01.jpg,0.8294701986754967,0.8213114754098361,0.8253706754530478,3,4,1
240508_2-5_crop_02.jpg,0.7058823529411765,0.6593406593406593,0.6818181818181818,2,3,1
240508_2-6_crop_02.jpg,0.9150943396226415,0.941747572815534,0.9282296650717704,1,3,0
240508_2-7_crop_01.jpg,0.7465145754119138,0.871301775147929,0.8040955631399316,6,10,1
240508_2-9_crop_01.jpg,0.9255441008018328,0.8777838131450298,0.9010315026484529,4,8,0
240508_4-11_crop_01.jpg,0.7173396674584323,0.7813712807244502,0.7479876160990712,2,9,0
240508_4-13_crop_00.jpg,0.9057471264367816,0.5854383358098069,0.7111913357400722,2,10,0
240508_4-2_crop_00.jpg,0.7320574162679426,0.7285714285714285,0.730310262529833,4,11,0
240508_4-2_crop_01.jpg,0.5541490857946554,0.7680311890838206,0.6437908496732027,2,8,2
240508_4-3_crop_00.jpg,0.8345120226308345,0.5388127853881278,0.6548279689234184,7,7,7
240508_4-9_crop_00.jpg,0.6695325094035465,0.8593103448275862,0.7526427061310783,5,22,0
240508_4-9_crop_02.jpg,0.8580246913580247,0.49642857142857144,0.6289592760180996,2,1,0
240508_5-11_crop_01.jpg,1.0,0.6893442622950819,0.8161086851043183,4,0,0
240508_5-18_crop_00.jpg,0.978021978021978,0.8585209003215434,0.9143835616438356,3,0,1
240508_5-4_crop_02.jpg,1.0,0.3469387755102041,0.5151515151515151,1,0,0
240508_5-7_crop_01.jpg,0.9821428571428571,0.30726256983240224,0.4680851063829788,3,0,0
2408_C-40_crop_00.jpg,0.823076923076923,0.8262548262548263,0.8246628131021195,6,27,0
2408_C-42_crop_01.jpg,0.9834710743801653,0.7828947368421053,0.8717948717948718,1,0,0
2408_C-43_crop_02.jpg,0.806910569105691,0.9706601466992665,0.881243063263041,1,8,0
2408_C-47_crop_01.jpg,0.7436974789915967,1.0,0.8530120481927711,2,10,0
2408_C-56_crop_01.jpg,0.8301329394387001,0.9876977152899824,0.9020866773675762,2,15,0
2408_C-57_crop_01.jpg,0.7841031149301826,0.9505208333333334,0.8593290170688641,5,24,0
2408_C-58_crop_01.jpg,0.8661616161616161,0.9146666666666666,0.8897535667963684,1,5,0
2408_C-60_crop_01.jpg,0.8982456140350877,0.9684741488020177,0.9320388349514563,1,11,0
2408_C-63_crop_01.jpg,0.8475609756097561,0.9500213583938488,0.8958710976837865,4,27,0
2408_C-64_crop_00.jpg,0.8602106969205835,0.8853211009174312,0.8725852856555693,12,29,0
2408_C-64_crop_02.jpg,0.7704918032786885,0.9791666666666666,0.8623853211009173,1,3,0
2408_C-65_crop_01.jpg,0.9023809523809524,0.9088729016786571,0.9056152927120669,1,5,0
2408_C-66_crop_00.jpg,0.867513611615245,0.9689189189189189,0.915416533673795,2,23,0
2408_C-67_crop_00.jpg,0.8844275637547477,0.9351692484222605,0.9090909090909092,3,25,0
2408_C-67_crop_01.jpg,0.9279279279279279,0.865546218487395,0.8956521739130435,1,1,0
2408_C-68_crop_00.jpg,0.828393135725429,0.8894472361809045,0.8578352180936996,6,22,0
2408_C-72_crop_01.jpg,0.9776785714285714,0.8866396761133604,0.9299363057324841,1,2,0
2408_C-74_crop_00.jpg,0.7840440165061898,0.936986301369863,0.8537194208686969,7,33,0
2408_C-82_crop_01.jpg,0.6608996539792388,0.9720101781170484,0.7868177136972193,1,6,0
2408_C-84_crop_00.jpg,0.8919368246051538,0.9226139294926913,0.9070160608622146,6,26,0
2408_C-88_crop_02.jpg,0.6375,0.9807692307692307,0.7727272727272727,1,4,0
2408_C-89_crop_00.jpg,0.8769786170508193,0.9164248403946604,0.8962679154250035,8,43,0
2408_C-90_crop_01.jpg,0.9052757793764988,0.8531073446327684,0.8784176847004073,2,9,0
2408_C-90_crop_02.jpg,0.8944723618090452,0.9175257731958762,0.905852417302799,1,2,0
2408_C-92_crop_02.jpg,0.2636363636363636,0.7565217391304347,0.3910112359550562,1,3,0
744_01-02_crop_00.jpg,0.7748265944848587,0.7670406967007202,0.7709139875441845,47,125,0
744_01-04_crop_01.jpg,0.8930159185429514,0.6517006802721088,0.7535091965150048,19,40,0
744_01-04_crop_02.jpg,0.7742895805142084,0.7015693967631191,0.7361379132895921,16,38,0
744_02-01_crop_02.jpg,0.7430773622609192,0.8142008132624335,0.7770149253731343,12,36,0
744_02-03_crop_00.jpg,0.881607270987802,0.7146180690189996,0.7893778777171003,23,44,0
744_03-01_crop_02.jpg,0.8016528925619835,0.8220338983050848,0.811715481171548,12,38,0
744_03-02_crop_01.jpg,0.8339606859054789,0.5721664275466284,0.6786929884275016,20,38,0
744_03-03_crop_02.jpg,0.7654171704957679,0.7611222444889779,0.7632636655948553,20,42,0
744_04-01_crop_00.jpg,0.7978779840848806,0.823658269441402,0.8105631905146862,31,80,0
744_04-02_crop_00.jpg,0.8461769115442279,0.7891498881431768,0.8166690782810013,18,49,0
744_04-02_crop_03.jpg,0.8451772174219714,0.8905611296915644,0.8672758527096716,10,36,0
744_04-04_crop_00.jpg,0.8076845705089519,0.7604166666666666,0.783338210906253,28,73,1
744_04-04_crop_01.jpg,0.8008,0.8291571753986332,0.8147319157594873,21,71,0
744_05-02_crop_00.jpg,0.8374714611872146,0.7465971250477038,0.7894276683031811,28,71,0
744_05-03_crop_02.jpg,0.8264136022143139,0.7348804500703235,0.777963893541783,21,59,0
744_05-03_crop_03.jpg,0.7900794738284461,0.8091495930395733,0.7995008319467555,16,52,0
744_05-04_crop_00.jpg,0.7855677154582763,0.7935740196925203,0.7895505714531237,27,64,0
744_05-04_crop_01.jpg,0.777972027972028,0.8355499921764982,0.8057336854017353,27,92,0
744_06-01_crop_00.jpg,0.8249954849196316,0.7813889839206295,0.802600368971273,23,57,0
744_06-01_crop_01.jpg,0.7561188811188811,0.7023954526999594,0.7282677331088192,16,37,0
744_06-02_crop_00.jpg,0.7776014509181591,0.8,0.7886417198367535,48,137,0
744_06-03_crop_00.jpg,0.778769648748302,0.7905831363278172,0.7846319288297977,34,87,0
744_06-04_crop_02.jpg,0.8102818371607515,0.8136792452830188,0.8119769874476986,14,47,0
744_08-02_crop_01.jpg,0.7989069281466002,0.8511731460866587,0.824212271973466,25,105,0
744_08-04_crop_02.jpg,0.753531710249474,0.9066907775768536,0.8230466185160867,11,39,0
A-16_crop_01.jpg,0.9193711967545639,0.9110552763819095,0.9151943462897527,2,15,0
A-19_crop_00.jpg,0.8775720164609053,0.8818816231584389,0.8797215418331829,4,31,0
A-20_crop_00.jpg,0.9264793783622236,0.943683409436834,0.935002262102247,2,31,0
A-246_crop_00.jpg,0.8713751169317119,0.8593173431734318,0.8653042266604738,3,11,0
A-248_crop_00.jpg,0.9171936163806083,0.858753876515365,0.8870122306348281,5,12,0
A-251_crop_00.jpg,0.9344608879492601,0.7607573149741824,0.8387096774193548,5,13,0
A-251_crop_02.jpg,0.0,0.0,0.0,1,0,0
A-27_crop_00.jpg,0.9177358490566038,0.8155600268276325,0.8636363636363636,5,16,0
A-31_crop_01.jpg,0.8333333333333334,0.8883647798742138,0.8599695585996956,2,9,0
A-32_crop_00.jpg,0.9136212624584718,0.8487654320987654,0.8799999999999999,11,48,0
A-32_crop_01.jpg,0.5901639344262295,0.18848167539267016,0.28571428571428575,1,1,0
A-34_crop_01.jpg,0.8507462686567164,0.40540540540540543,0.5491329479768786,3,6,0
A-38_crop_01.jpg,0.0,0.0,0.0,0,1,0
A-42_crop_00.jpg,0.8860793364104622,0.7919406911395432,0.8363693764798737,37,115,0
B-12_crop_01.jpg,0.0,0.0,0.0,0,0,0
B-15_crop_00.jpg,0.8983147672093688,0.9026980482204363,0.9005010737294202,2,24,0
B-17_crop_00.jpg,0.6646067415730337,0.8307584269662921,0.7384519350811485,3,12,2
B-21_crop_01.jpg,0.8232485322896281,0.9866779247584201,0.89758470598276,1,51,0
B-22_crop_02.jpg,0.0,0.0,0.0,0,0,0
B-47_crop_01.jpg,0.0,0.0,0.0,0,0,0
B-53_crop_00.jpg,0.8003884826325411,0.8998073217726397,0.8471911471246296,3,42,0
B-59_crop_00.jpg,0.8473800237408852,0.7030106921778277,0.7684736639753941,2,39,0
B-63_crop_00.jpg,0.8786421499292787,0.5372772876664937,0.6668097896092744,3,18,0
B-65_crop_01.jpg,0.0,0.0,0.0,0,0,0
B-69_crop_00.jpg,0.9017857142857143,0.831275720164609,0.8650963597430406,1,3,0
B-80_crop_02.jpg,0.0,0.0,0.0,0,0,0
B-84_crop_01.jpg,0.8955769038326828,0.9683510062756979,0.9305432804782947,2,85,0
B-90_crop_01.jpg,0.0,0.0,0.0,0,0,0
B-93_crop_01.jpg,0.0,0.0,0.0,0,0,0
B-96_crop_01.jpg,0.0,0.0,0.0,0,0,0
B-97_crop_00.jpg,0.8241252302025782,0.8403755868544601,0.8321710832171083,5,13,0
B-99_crop_01.jpg,0.0,0.0,0.0,0,0,0
C-104_crop_01.jpg,0.0,0.0,0.0,0,2,0
C-109_crop_00.jpg,0.8694569008470354,0.949918345127926,0.9079084287200834,2,22,0
C-110_crop_00.jpg,0.8820337046558127,0.9601990049751243,0.9194580914098556,3,32,0
C-49_crop_01.jpg,0.8832360300250208,0.9322183098591549,0.9070663811563169,3,9,0
C-51_crop_00.jpg,0.7652304358696558,0.9057906678504488,0.8295988435128298,14,54,0
C-54_crop_02.jpg,0.0,0.0,0.0,0,2,0
C-54_crop_03.jpg,0.0,0.0,0.0,0,0,0
C-58_crop_02.jpg,0.0,0.0,0.0,0,0,0
C-60_crop_01.jpg,0.0,0.0,0.0,1,0,0
C-65_crop_01.jpg,0.0,0.0,0.0,0,0,0
C-67_crop_00.jpg,0.8683342495876856,0.8106235565819861,0.8384870603848706,7,36,0
C-71_crop_00.jpg,0.9769726742400983,0.9034639409426463,0.938781531199292,2,18,0
C-75_crop_00.jpg,0.9184569184569185,0.9152854511970534,0.9168684422921711,9,53,0
C-76_crop_00.jpg,0.8794854434664862,0.9643652561247216,0.9199716713881019,1,40,0
C-77_crop_00.jpg,0.89472,0.9555707450444293,0.9241447694595935,3,27,0
C-79_crop_02.jpg,0.6804733727810651,0.888030888030888,0.7705192629815745,1,5,0
C-80_crop_00.jpg,0.5933630510153541,0.9374021909233177,0.7267212617531088,1,14,0
C-81_crop_01.jpg,0.8869247180737581,0.9448051948051948,0.9149504794843578,3,38,0
C-88_crop_01.jpg,0.0,0.0,0.0,1,2,0
C-90_crop_00.jpg,0.8561961563949636,0.8861454046639232,0.8709133805190429,5,21,0
C-92_crop_00.jpg,0.9442363712026633,0.938249483115093,0.941233407079646,2,37,0
C-95_crop_00.jpg,0.9154666666666667,0.8905317769130998,0.9028270874424721,7,34,0
C-98_crop_02.jpg,0.0,0.0,0.0,0,1,0
C-99_crop_00.jpg,0.9335476956055734,0.9212057112638815,0.9273356401384083,5,19,0
D-137_crop_01.jpg,0.8943488943488943,0.9655172413793104,0.9285714285714285,1,0,3
D-140_crop_01.jpg,0.8929188255613126,0.7220670391061452,0.7984555984555984,1,2,0
D-144_crop_00.jpg,0.6548587841072283,0.8113879003558719,0.7247682119205296,5,15,1
D-149_crop_00.jpg,1.0,0.8553459119496856,0.9220338983050848,1,0,0
D-162_crop_00.jpg,0.9138062547673532,0.9676898222940227,0.9399764613573951,2,0,7
D-169_crop_00.jpg,0.9136868064118372,0.8434832100170746,0.877182598401894,6,0,3
D-172_crop_02.jpg,0.0,0.0,0.0,0,0,0
D-173_crop_00.jpg,0.9795918367346939,0.9795918367346939,0.9795918367346939,1,0,2
D-176_crop_00.jpg,0.9294545454545454,0.8068181818181818,0.8638053396417708,4,0,2
D-180_crop_00.jpg,0.9677871148459384,0.8148584905660378,0.884763124199744,4,0,6
D-180_crop_01.jpg,0.0,0.0,0.0,2,1,0
D-183_crop_01.jpg,0.6098265895953757,0.8791666666666667,0.720136518771331,4,0,5
D-183_crop_02.jpg,0.980465815176559,0.8135910224438903,0.8892674616695059,4,0,3
D-186_crop_00.jpg,0.9646292274278623,0.9580893682588598,0.96134817563389,5,0,15
D-187_crop_00.jpg,0.6442641946697567,0.535387578237843,0.5848014725216933,5,6,0
D0624-11_crop_01.jpg,0.0,0.0,0.0,1,0,2
D0624-13_crop_00.jpg,0.8735177865612648,0.9344608879492601,0.9029622063329928,5,0,9
D0624-16_crop_02.jpg,1.0,0.7654320987654321,0.8671328671328672,1,0,0
D0624-21_crop_00.jpg,0.7257318952234206,0.9345238095238095,0.8169991326973114,4,0,13
D0624-21_crop_02.jpg,0.4803921568627451,1.0,0.6490066225165563,1,0,3
D0624-22_crop_00.jpg,0.8863157894736842,0.8900634249471459,0.8881856540084389,5,0,11
D0624-22_crop_02.jpg,0.7483443708609272,1.0,0.8560606060606061,1,0,5
D0624-23_crop_02.jpg,0.04,0.04081632653061224,0.0404040404040404,1,0,1
D0624-24_crop_00.jpg,0.7019667170953101,0.9336016096579477,0.8013816925734024,4,0,12
D0624-25_crop_00.jpg,0.8280701754385965,0.9711934156378601,0.893939393939394,3,0,11
D0624-26_crop_02.jpg,0.6712328767123288,1.0,0.8032786885245902,1,0,2
D0624-27_crop_02.jpg,0.6641221374045801,0.8969072164948454,0.763157894736842,2,0,6
D0624-30_crop_00.jpg,0.7607421875,0.8403451995685005,0.7985648385443362,11,0,14
D0624-30_crop_02.jpg,0.8605442176870748,0.9068100358422939,0.8830715532286212,3,0,6
D0624-34_crop_03.jpg,0.5384615384615384,0.8571428571428571,0.6614173228346457,1,0,1
D0624-36_crop_01.jpg,0.9060150375939849,0.8169491525423729,0.8591800356506238,3,0,6
D0624-37_crop_01.jpg,0.9710743801652892,0.8969465648854962,0.9325396825396824,2,0,2
D0624-38_crop_00.jpg,0.7060301507537688,0.8672839506172839,0.778393351800554,4,0,15
D0624-39_crop_00.jpg,0.9813874788494078,0.859896219421794,0.9166337416041092,9,0,4
D0624-3_crop_02.jpg,0.9211822660098522,0.9639175257731959,0.9420654911838792,2,0,5
D0624-40_crop_01.jpg,0.8831615120274914,0.7536656891495601,0.8132911392405062,5,0,8
D0624-42_crop_01.jpg,0.4910394265232975,0.7172774869109948,0.5829787234042553,3,0,8
D0624-48_crop_00.jpg,0.8533333333333334,0.9425625920471281,0.8957312806158153,8,0,22
D0624-4_crop_01.jpg,1.0,0.8993288590604027,0.9469964664310955,1,0,0
D0624-4_crop_02.jpg,0.6494252873563219,1.0,0.7874564459930314,1,0,5
D0624-50_crop_00.jpg,0.8393665158371041,0.9070904645476773,0.8719153936545241,5,0,8
D0624-52_crop_00.jpg,0.8873873873873874,0.8873873873873874,0.8873873873873874,6,0,5
D0624-54_crop_00.jpg,0.676829268292683,0.8268156424581006,0.7443419949706622,6,0,7
D0624-58_crop_01.jpg,0.9096209912536443,0.9096209912536443,0.9096209912536443,3,0,10
D0624-60_crop_01.jpg,0.890625,0.6753554502369669,0.7681940700808625,6,0,3
D0624-60_crop_02.jpg,0.8975609756097561,0.757201646090535,0.8214285714285714,3,0,3
D0624-65_crop_00.jpg,0.9634703196347032,0.9440715883668904,0.9536723163841808,3,0,5
D0624-67_crop_00.jpg,0.85273492286115,0.8862973760932945,0.8691922802001428,6,0,9
D0624-69_crop_01.jpg,0.974025974025974,0.30864197530864196,0.46875,3,0,0
D0624-70_crop_02.jpg,0.7696335078534031,0.8258426966292135,0.7967479674796748,3,0,2
D0624-73_crop_02.jpg,0.8035714285714286,0.45918367346938777,0.5844155844155845,2,0,1
D0624-74_crop_01.jpg,0.9466192170818505,0.8807947019867549,0.9125214408233275,2,0,5
D0624-76_crop_00.jpg,0.8091397849462365,0.8682692307692308,0.8376623376623376,12,0,22
D0624-77_crop_01.jpg,0.8238805970149253,0.8263473053892215,0.8251121076233184,2,0,5
D0624-81_crop_01.jpg,0.9458333333333333,0.934156378600823,0.9399585921325052,3,0,4
D0624-83_crop_02.jpg,0.5864661654135338,0.9629629629629629,0.7289719626168224,1,0,1
D0624-84_crop_00.jpg,0.9698924731182795,0.8275229357798165,0.893069306930693,5,0,6
D0624-87_crop_00.jpg,0.8530120481927711,0.9414893617021277,0.8950695322376739,4,0,11
D0624-89_crop_02.jpg,0.9512195121951219,0.9629629629629629,0.9570552147239264,1,0,0
D0624-90_crop_01.jpg,0.9265175718849841,0.9634551495016611,0.9446254071661238,2,0,5
D0624-92_crop_00.jpg,0.9419847328244275,0.842896174863388,0.8896899783705841,8,0,6
D0624-93_crop_02.jpg,0.7297297297297297,1.0,0.8437499999999999,1,0,4
HH-1-7_crop_00.jpg,0.0,0.0,0.0,0,0,0
HH-2-10_crop_00.jpg,0.0,0.0,0.0,0,0,0
HH-2-11_crop_01.jpg,0.0,0.0,0.0,0,0,0
HH-2-19_crop_01.jpg,0.0,0.0,0.0,0,0,0
HH-2-20_crop_01.jpg,0.0,0.0,0.0,0,0,0
HH-2-2_crop_00.jpg,0.7561307901907357,0.8185840707964602,0.7861189801699717,3,12,0
HH-2-2_crop_01.jpg,0.0,0.0,0.0,0,0,0
HH-2-3_crop_00.jpg,0.0,0.0,0.0,0,0,0
HH-2-5_crop_00.jpg,0.0,0.0,0.0,1,0,0
HH-2-7_crop_01.jpg,0.0,0.0,0.0,0,0,0
HH-3-12_crop_00.jpg,0.0,0.0,0.0,0,0,1
HH-3-14_crop_02.jpg,0.0,0.0,0.0,0,0,1
HH-3-16_crop_00.jpg,0.0,0.0,0.0,0,0,0
HH-4-3_crop_01.jpg,0.9047619047619048,0.43018867924528303,0.5831202046035806,1,3,0
HH-4-5_crop_00.jpg,0.0,0.0,0.0,0,0,0
HH-4-5_crop_01.jpg,0.6992348440258976,0.48628735161686454,0.5736359246740705,5,19,0
HH-4-7_crop_00.jpg,0.8356164383561644,0.42572283150548357,0.5640686922060767,6,5,0
HH-4-8_crop_02.jpg,0.44385026737967914,0.9256505576208178,0.6,1,8,0
HH-5-11_crop_01.jpg,0.8467153284671532,0.4084507042253521,0.5510688836104513,2,2,0
HH-5-6_crop_02.jpg,0.9779411764705882,0.6855670103092784,0.806060606060606,1,2,0
HH-5-9_crop_00.jpg,0.7796709753231492,0.7368128817323709,0.7576363117328004,4,22,0
JZW_HQL_0520-10_crop_01.jpg,0.7377005347593583,0.7027508914926134,0.7198017218888599,7,4,1
JZW_HQL_0520-11_crop_02.jpg,0.6622807017543859,0.43768115942028984,0.5270506108202443,4,0,7
JZW_HQL_0520-14_crop_02.jpg,0.4315068493150685,0.9,0.5833333333333333,1,0,3
JZW_HQL_0520-23_crop_01.jpg,0.6617647058823529,0.5294117647058824,0.5882352941176471,5,0,7
JZW_HQL_0520-25_crop_00.jpg,0.5650406504065041,0.47440273037542663,0.5157699443413728,6,0,5
JZW_HQL_0520-25_crop_01.jpg,0.6776859504132231,0.3076923076923077,0.4232258064516129,5,0,8
JZW_HQL_0520-26_crop_02.jpg,0.9155126808775479,0.9101314771848414,0.9128141483090288,6,12,3
JZW_HQL_0520-27_crop_03.jpg,0.8703703703703703,0.5251396648044693,0.6550522648083623,3,0,4
JZW_HQL_0520-28_crop_00.jpg,0.7281947261663286,0.5145723841376015,0.603023516237402,10,4,3
JZW_HQL_0520-29_crop_01.jpg,0.8728813559322034,0.6358024691358025,0.7357142857142858,10,0,4
JZW_HQL_0520-3_crop_02.jpg,0.5087719298245614,0.6444444444444445,0.5686274509803921,3,0,6
JZW_HQL_0520-4_crop_00.jpg,0.9171374764595104,0.6937321937321937,0.7899432278994324,11,0,10
JZW_HQL_0520-6_crop_01.jpg,0.9391456992393212,0.8073440643863179,0.8682715715444955,4,3,0
JZW_HQL_0520-8_crop_02.jpg,0.5475578406169666,0.7473684210526316,0.6320474777448071,4,0,8
JZW_HQL_0520-G912-11_crop_03.jpg,0.8428417653390743,0.2662359741584495,0.4046511627906977,6,1,2
JZW_HQL_0520-G912-2_crop_00.jpg,0.05588993981083405,1.0,0.10586319218241041,2,1,4
JZW_HQL_0520-G912-3_crop_00.jpg,0.41116751269035534,0.21372031662269128,0.28124999999999994,6,0,9
JZW_HQL_0520-G912-5_crop_02.jpg,0.8613138686131386,0.17664670658682635,0.29316770186335406,2,1,1
JZW_HQL_0520-G912-9_crop_03.jpg,0.3808411214953271,0.8972477064220183,0.5347184253690542,2,1,2
JZW_HQL_0520_A-12_crop_02.jpg,0.7993206166710217,0.9297872340425531,0.8596318673598426,2,13,4
JZW_HQL_0520_A-14_crop_01.jpg,0.4827586206896552,0.509090909090909,0.49557522123893805,2,1,4
JZW_HQL_0520_A-16_crop_01.jpg,0.9,0.984375,0.9402985074626866,1,0,2
JZW_HQL_0520_A-17_crop_02.jpg,0.43870967741935485,0.17894736842105263,0.2542056074766355,2,1,1
JZW_HQL_0520_A-18_crop_01.jpg,1.0,0.1366906474820144,0.24050632911392406,2,0,0
JZW_HQL_0520_A-26_crop_01.jpg,0.28588957055214725,0.9414141414141414,0.43858823529411767,4,2,5
JZW_HQL_0520_A-26_crop_02.jpg,0.654320987654321,0.7681159420289855,0.7066666666666667,1,0,1
JZW_HQL_0520_A-29_crop_00.jpg,0.9792746113989638,0.8532731376975169,0.9119420989143546,6,0,4
JZW_HQL_0520_A-30_crop_00.jpg,0.9530075187969925,0.9184782608695652,0.9354243542435423,4,11,1
JZW_HQL_0520_A-30_crop_01.jpg,0.7936507936507936,0.44642857142857145,0.5714285714285714,2,0,3
JZW_HQL_0520_A-31_crop_01.jpg,0.6705882352941176,1.0,0.8028169014084507,1,4,2
JZW_HQL_0520_A-32_crop_02.jpg,0.7152274225444957,0.973967684021544,0.8247814519194222,2,6,0
JZW_HQL_0520_A-38_crop_00.jpg,0.7237276933245208,0.958005249343832,0.8245481927710843,3,12,4
JZW_HQL_0520_A-39_crop_01.jpg,0.573735199138859,0.9049235993208828,0.702239789196311,6,7,8
JZW_HQL_0520_A-3_crop_01.jpg,0.6726618705035972,0.4452380952380952,0.5358166189111748,6,1,3
JZW_HQL_0520_A-40_crop_00.jpg,0.6603174603174603,0.9719626168224299,0.7863894139886578,3,5,1
JZW_HQL_0520_A-40_crop_01.jpg,0.1897810218978102,0.6419753086419753,0.29295774647887324,1,1,3
JZW_HQL_0520_A-42_crop_00.jpg,0.9525862068965517,0.9324894514767933,0.9424307036247336,4,0,3
JZW_HQL_0520_A-42_crop_02.jpg,0.9691699604743083,0.6766004415011038,0.79688007799805,2,4,1
JZW_HQL_0520_A-43_crop_02.jpg,0.8849797023004059,0.930298719772404,0.9070735090152566,2,4,0
JZW_HQL_0520_A-44_crop_00.jpg,0.8947368421052632,0.6129374337221634,0.7275015733165513,4,2,3
JZW_HQL_0520_A-47_crop_01.jpg,0.610655737704918,0.6157024793388429,0.6131687242798354,2,0,6
JZW_HQL_0520_A-47_crop_02.jpg,0.9333333333333333,0.9514563106796117,0.9423076923076923,2,0,1
JZW_HQL_0520_A-48_crop_00.jpg,0.727427597955707,0.49440370513315324,0.5886948529411765,3,8,0
JZW_HQL_0520_A-50_crop_00.jpg,0.7359050445103857,0.7209302325581395,0.7283406754772392,6,0,5
JZW_HQL_0520_A-51_crop_01.jpg,0.8663793103448276,0.6442307692307693,0.738970588235294,4,0,5
JZW_HQL_0520_A-51_crop_02.jpg,0.8411552346570397,0.823321554770318,0.832142857142857,1,3,1
JZW_HQL_0520_A-55_crop_01.jpg,1.0,0.08045977011494253,0.14893617021276595,3,0,0
JZW_HQL_0520_A-56_crop_01.jpg,0.6269430051813472,0.7145669291338582,0.6678932842686293,1,3,2
JZW_HQL_0520_A-57_crop_02.jpg,0.958904109589041,0.9333333333333333,0.9459459459459458,1,0,1
JZW_HQL_0520_A-59_crop_01.jpg,0.8839972047519218,0.729106628242075,0.7991156032849022,2,10,0
JZW_HQL_0520_A-60_crop_00.jpg,0.8413793103448276,0.3128205128205128,0.45607476635514016,8,0,6
JZW_HQL_0520_A-61_crop_00.jpg,0.854850129808827,0.8165013525698828,0.8352357892309465,16,25,4
JZW_HQL_0520_A-62_crop_01.jpg,0.6825938566552902,0.9448818897637795,0.7926023778071335,4,19,3
JZW_HQL_0520_A-63_crop_00.jpg,0.7908309455587392,0.9130003307972213,0.8475356978350991,2,13,2
JZW_HQL_0520_A-6_crop_00.jpg,0.930635838150289,0.184,0.3072519083969466,16,4,0
JZW_HQL_0520_A-6_crop_01.jpg,0.6382978723404256,0.08379888268156424,0.14814814814814814,6,0,1
JZW_HQL_0520_A-9_crop_00.jpg,0.9551219512195122,0.8965201465201466,0.9248937175247992,5,5,4
JZW_HQL_0520_C_W991-11_crop_01.jpg,0.5168525402726146,0.983030874381334,0.6774953301388776,3,2,1
JZW_HQL_0520_C_W991-13_crop_00.jpg,0.8274636333807285,0.8678022482220693,0.847153014948771,6,12,0
JZW_HQL_0520_C_W991-15_crop_03.jpg,0.32871583676525645,0.9988623435722411,0.49464788732394366,1,3,0
JZW_HQL_0520_C_W991-19_crop_01.jpg,0.7950992589387137,0.8439455704197049,0.8187945632798573,5,21,0
JZW_HQL_0520_C_W991-1_crop_01.jpg,0.29013651220919057,0.899284862932062,0.4387265590928915,2,6,0
JZW_HQL_0520_C_W991-22_crop_00.jpg,0.8173524483336436,0.7020630097553174,0.7553337921541639,3,10,0
JZW_HQL_0520_C_W991-23_crop_00.jpg,0.8067043314500941,0.8579554558564333,0.8315409403269014,7,13,0
JZW_HQL_0520_C_W991-27_crop_00.jpg,0.9458860316423204,0.7203660920561578,0.8178644929583149,7,30,0
JZW_HQL_0520_C_W991-2_crop_02.jpg,0.9875776397515528,0.22877697841726619,0.3714953271028037,1,1,0
JZW_HQL_0520_C_W991-30_crop_01.jpg,0.8853769992383854,0.7631708517971443,0.8197443807844866,4,6,1
JZW_HQL_0520_C_W991-30_crop_03.jpg,0.9410899463116864,0.8524415428685631,0.8945749440715884,2,13,0
JZW_HQL_0520_C_W991-31_crop_01.jpg,0.8678853344412131,0.7255991663772143,0.7903897086643966,4,10,0
JZW_HQL_0520_C_W991-32_crop_02.jpg,0.9380777952206524,0.6923720630833602,0.7967112329172994,2,6,0
JZW_HQL_0520_C_W991-33_crop_01.jpg,0.8660815188728999,0.8751475010467816,0.8705909082303046,5,22,0
JZW_HQL_0520_C_W991-36_crop_01.jpg,0.7654462242562929,0.8288495575221239,0.7958871515975526,3,12,0
JZW_HQL_0520_C_W991-37_crop_01.jpg,0.8629811056682996,0.6316328621184184,0.7294020228307802,6,8,0
JZW_HQL_0520_C_W991-38_crop_00.jpg,0.8316957787481805,0.9181019332161687,0.8727654597961765,4,37,0
JZW_HQL_0520_C_W991-39_crop_00.jpg,0.5496281926931782,0.5546492659053833,0.5521273140630075,4,5,0
JZW_HQL_0520_C_W991-39_crop_01.jpg,0.9243482309124768,0.6930191972076789,0.7921404348693398,2,3,0
JZW_HQL_0520_C_W991-3_crop_01.jpg,0.5990963855421687,0.7534090909090909,0.6674496644295302,3,3,0
JZW_HQL_0520_C_W991-3_crop_02.jpg,0.4530710835058661,0.9791200596569725,0.6194857277659827,2,6,0
JZW_HQL_0520_C_W991-40_crop_02.jpg,0.4973918379871126,0.8147775823071124,0.6177002953224731,2,8,0
JZW_HQL_0520_C_W991-44_crop_00.jpg,0.8696599646396118,0.830949948927477,0.8498643897538926,8,37,0
JZW_HQL_0520_C_W991-45_crop_00.jpg,0.9170512946413958,0.6942310551618179,0.7902345457879075,5,15,0
JZW_HQL_0520_C_W991-46_crop_00.jpg,0.732253124536877,0.9609724473257698,0.8311651900863519,4,25,0
JZW_HQL_0520_C_W991-46_crop_03.jpg,0.7970183486238532,0.7554347826086957,0.7756696428571429,1,3,0
JZW_HQL_0520_C_W991-48_crop_01.jpg,0.8812121594349143,0.8848394655183333,0.8830220874016496,6,19,0
JZW_HQL_0520_C_W991-49_crop_01.jpg,0.8136103362208192,0.8645085803432138,0.8382875728008471,7,25,0
JZW_HQL_0520_C_W991-50_crop_00.jpg,0.9480532185482293,0.7366220735785953,0.8290700658738985,5,17,0
JZW_HQL_0520_C_W991-51_crop_00.jpg,0.7325082710452151,0.9437953899589517,0.8248361503966886,3,7,0
JZW_HQL_0520_C_W991-52_crop_00.jpg,0.921598132053444,0.7796457652042227,0.8446996718504779,5,18,0
JZW_HQL_0520_C_W991-52_crop_02.jpg,0.8065061258977608,0.6250136418203646,0.7042547958681752,4,6,0
JZW_HQL_0520_C_W991-53_crop_00.jpg,0.9262983310873847,0.5379567756306062,0.6806306649402086,3,3,0
JZW_HQL_0520_C_W991-55_crop_01.jpg,0.81290002480774,0.9528351264902588,0.8773226238286479,5,26,0
JZW_HQL_0520_C_W991-55_crop_02.jpg,0.8894398530762168,0.4409140568099053,0.5895672286809909,2,7,0
JZW_HQL_0520_C_W991-55_crop_03.jpg,0.951015228426396,0.8985611510791367,0.9240443896424168,1,7,0
JZW_HQL_0520_C_W991-59_crop_00.jpg,0.8541774443869633,0.9107142857142857,0.8815403096636413,7,22,0
JZW_HQL_0520_C_W991-59_crop_02.jpg,0.8440028388928318,0.9483253588516747,0.8931280510702215,2,9,0
JZW_HQL_0520_C_W991-60_crop_02.jpg,0.5246594645373415,0.8879173290937997,0.6595807499261883,3,9,1
JZW_HQL_0520_C_W991-62_crop_01.jpg,0.7709146444934668,0.8694736842105263,0.8172333153444864,6,13,0
JZW_HQL_0520_C_W991-64_crop_01.jpg,0.7936814958091554,0.7807941139160218,0.7871850620283924,6,17,2
JZW_HQL_0520_C_W991-66_crop_02.jpg,0.6359264983685385,0.6926674148896371,0.6630853254543826,2,6,1
JZW_HQL_0520_C_W991-67_crop_01.jpg,0.8989377543929316,0.838193094510784,0.867503353132784,4,13,0
JZW_HQL_0520_C_W991-67_crop_02.jpg,0.9223343571741992,0.887550557802569,0.9046082062084508,2,15,0
JZW_HQL_0520_C_W991-69_crop_00.jpg,0.7454454287146917,0.8138686131386861,0.778155805635523,4,11,5
JZW_HQL_0520_C_W991-69_crop_01.jpg,0.9481164345772737,0.8026229753208661,0.8693241602590046,4,28,0
JZW_HQL_0520_C_W991-69_crop_03.jpg,0.8950050968399592,0.7885047148630444,0.8383862497015994,1,4,0
JZW_HQL_0520_C_W991-6_crop_01.jpg,0.8278196943315922,0.3879771511469762,0.5283368317076182,1,8,0
JZW_HQL_0520_C_W991-70_crop_00.jpg,0.9043782837127846,0.7428933133847393,0.8157204688339178,4,15,0
JZW_HQL_0520_C_W991-71_crop_03.jpg,0.9568423927888555,0.7538196686034,0.8432835820895523,1,6,1
JZW_HQL_0520_C_W991-74_crop_00.jpg,0.9376520977319186,0.7339886463214843,0.8234137584681469,4,11,0
JZW_HQL_0520_C_W991-75_crop_00.jpg,0.7561369983830663,0.7084098420859346,0.7314957457398146,7,17,0
JZW_HQL_0520_C_W991-75_crop_01.jpg,0.9014944222268996,0.6941090673365206,0.7843244975507028,4,7,0
JZW_HQL_0520_C_W991-77_crop_02.jpg,0.8955758345847291,0.731173669071533,0.8050673658523921,3,15,2
JZW_HQL_0520_C_W991-79_crop_00.jpg,0.6641234918381831,0.7583575335989735,0.7081191865048084,7,14,0
JZW_HQL_0520_C_W991-79_crop_02.jpg,0.45116572148708256,0.7799564270152506,0.5716566866267466,2,7,0
JZW_HQL_0520_C_W991-80_crop_01.jpg,0.8754752851711026,0.8192492439067781,0.8464295561069755,5,31,0
JZW_HQL_0520_C_W991-83_crop_00.jpg,0.8613564111621336,0.8372532188841202,0.8491338034299644,6,26,0
JZW_HQL_0520_C_W991-83_crop_02.jpg,0.7264344262295082,0.9607046070460704,0.8273045507584598,1,4,1
JZW_HQL_0520_C_W991-84_crop_00.jpg,0.8849277245411726,0.7143700013111315,0.7905542658154382,4,11,0
JZW_HQL_0520_C_W991-85_crop_00.jpg,0.8376545904263059,0.9320080295279415,0.8823159798317267,8,35,0
JZW_HQL_0520_C_W991-85_crop_01.jpg,0.9487131258033167,0.7827987584066218,0.8578069417083575,7,17,0
JZW_HQL_0520_C_W991-86_crop_02.jpg,0.8041426490150123,0.8063901416502572,0.8052648271487471,6,13,0
JZW_HQL_0520_C_W991-87_crop_02.jpg,0.6065473271211378,0.7670956737478679,0.6774392331393359,3,7,0
JZW_HQL_0520_Q750-10_crop_02.jpg,0.0,0.0,0.0,0,0,0
JZW_HQL_0520_Q750-17_crop_00.jpg,0.974025974025974,0.30612244897959184,0.46583850931677023,5,0,1
JZW_HQL_0520_Q750-18_crop_01.jpg,0.5775862068965517,0.7165775401069518,0.639618138424821,4,6,0
JZW_HQL_0520_Q750-19_crop_02.jpg,0.9629629629629629,0.5652173913043478,0.7123287671232876,2,0,1
JZW_HQL_0520_Q750-21_crop_01.jpg,0.0,0.0,0.0,4,0,0
JZW_HQL_0520_Q750-23_crop_00.jpg,0.0,0.0,0.0,4,0,0
JZW_HQL_0520_Q750-23_crop_02.jpg,0.0,0.0,0.0,1,0,0
JZW_HQL_0520_Q750-25_crop_01.jpg,0.0,0.0,0.0,0,0,1
JZW_HQL_0520_Q750-2_crop_02.jpg,0.9142857142857143,0.3310344827586207,0.48607594936708853,5,0,2
JZW_HQL_0520_Q750-31_crop_00.jpg,0.49493670886075947,0.6196513470681458,0.550316678395496,4,2,0
JZW_HQL_0520_Q750-31_crop_01.jpg,0.9811320754716981,0.9811320754716981,0.9811320754716981,1,0,0
JZW_HQL_0520_Q750-32_crop_01.jpg,0.0,0.0,0.0,0,3,2
JZW_HQL_0520_Q750-35_crop_00.jpg,0.8846153846153846,0.3511450381679389,0.5027322404371585,3,0,2
JZW_HQL_0520_Q750-35_crop_01.jpg,0.9739776951672863,0.8972602739726028,0.9340463458110517,1,0,1
JZW_HQL_0520_Q750-36_crop_00.jpg,0.0,0.0,0.0,1,0,1
JZW_HQL_0520_Q750-36_crop_02.jpg,0.0,0.0,0.0,1,0,0
JZW_HQL_0520_Q750-37_crop_00.jpg,0.42011834319526625,0.4797297297297297,0.44794952681388006,3,0,2
JZW_HQL_0520_Q750-3_crop_00.jpg,1.0,0.5642458100558659,0.7214285714285714,2,0,0
JZW_HQL_0520_Q750-3_crop_02.jpg,0.0,0.0,0.0,1,0,0
JZW_HQL_0520_Q750-41_crop_00.jpg,0.9550561797752809,0.6789137380191693,0.7936507936507936,1,0,1
JZW_HQL_0520_Q750-44_crop_01.jpg,0.7381818181818182,0.9575471698113207,0.8336755646817249,1,4,0
JZW_HQL_0520_Q750-45_crop_01.jpg,0.7976190476190477,0.8792650918635171,0.83645443196005,5,5,2
JZW_HQL_0520_Q750-47_crop_01.jpg,0.9848484848484849,0.6933333333333334,0.8137715179968702,2,0,1
JZW_HQL_0520_Q750-48_crop_02.jpg,0.8529886914378029,0.9271290605794557,0.8885149347917543,2,7,1
JZW_HQL_0520_Q750-5_crop_00.jpg,0.9193742478941035,0.9138755980861244,0.916616676664667,2,7,0
JZW_HQL_0520_Q750-7_crop_00.jpg,0.9253393665158371,0.939150401836969,0.9321937321937321,3,13,0
JZW_HQL_0520_Q750-9_crop_00.jpg,0.7543558606124604,0.9338235294117647,0.8345502336448598,1,12,1
SZ0529_1-11_crop_00.jpg,0.0,0.0,0.0,0,0,0
SZ0529_1-12_crop_00.jpg,0.0,0.0,0.0,0,0,0
SZ0529_1-12_crop_02.jpg,0.0,0.0,0.0,0,1,0
SZ0529_1-14_crop_00.jpg,0.9771241830065359,0.648590021691974,0.7796610169491525,2,1,0
SZ0529_1-23_crop_00.jpg,0.9955156950672646,0.8774703557312253,0.9327731092436975,1,0,0
SZ0529_1-23_crop_01.jpg,0.0,0.0,0.0,0,0,0
SZ0529_1-24_crop_00.jpg,0.0,0.0,0.0,0,0,1
SZ0529_1-24_crop_01.jpg,0.0,0.0,0.0,0,0,0
SZ0529_1-27_crop_00.jpg,0.9571428571428572,0.6677740863787376,0.786692759295499,1,2,0
SZ0529_1-28_crop_01.jpg,0.8990825688073395,0.9655172413793104,0.9311163895486937,1,4,0
SZ0529_1-30_crop_01.jpg,0.0,0.0,0.0,1,0,0
SZ0529_1-3_crop_00.jpg,0.83,0.5589225589225589,0.6680080482897384,2,2,0
SZ0529_1-3_crop_02.jpg,0.0,0.0,0.0,0,0,0
SZ0529_1-6_crop_00.jpg,0.0,0.0,0.0,0,1,0
SZ0529_1-8_crop_01.jpg,0.8888888888888888,0.4311377245508982,0.5806451612903225,2,3,0
SZ0529_2-12_crop_00.jpg,0.7580645161290323,0.94,0.8392857142857143,1,3,1
SZ0529_2-13_crop_01.jpg,0.0,0.0,0.0,0,0,0
SZ0529_2-14_crop_00.jpg,0.0,0.0,0.0,0,1,0
SZ0529_2-15_crop_01.jpg,0.2636363636363636,0.3005181347150259,0.28087167070217917,1,1,0
SZ0529_2-16_crop_00.jpg,0.0,0.0,0.0,0,0,1
SZ0529_2-16_crop_01.jpg,0.0,0.0,0.0,0,0,0
SZ0529_2-22_crop_02.jpg,0.0,0.0,0.0,0,0,1
SZ0529_2-24_crop_00.jpg,0.9447236180904522,0.749003984063745,0.8355555555555555,1,2,0
SZ0529_2-24_crop_02.jpg,0.9553072625698324,0.8592964824120602,0.9047619047619048,1,2,0
SZ0529_2-25_crop_01.jpg,0.0,0.0,0.0,0,0,0
SZ0529_2-3_crop_01.jpg,0.0,0.0,0.0,0,0,0
SZ0529_2-4_crop_02.jpg,0.0,0.0,0.0,1,1,1
SZ0529_2-5_crop_00.jpg,0.0,0.0,0.0,2,0,0
SZ0529_2-7_crop_01.jpg,0.0,0.0,0.0,0,1,1
SZ0529_2-8_crop_02.jpg,0.0,0.0,0.0,0,0,0
SZ0529_2-9_crop_01.jpg,0.0,0.0,0.0,0,0,0
SZ0529_3-10_crop_00.jpg,0.0,0.0,0.0,0,0,0
SZ0529_3-13_crop_00.jpg,0.5849802371541502,0.8457142857142858,0.6915887850467289,1,4,1
SZ0529_3-1_crop_01.jpg,0.0,0.0,0.0,0,0,0
SZ0529_4-12_crop_00.jpg,0.7386172006745363,0.7863554757630161,0.7617391304347826,1,5,0
SZ0529_4-16_crop_00.jpg,0.5744,0.718,0.6382222222222222,5,6,0
SZ0529_4-16_crop_03.jpg,0.0,0.0,0.0,0,0,0
SZ0529_4-19_crop_00.jpg,0.0,0.0,0.0,1,0,0
SZ0529_4-21_crop_01.jpg,0.0,0.0,0.0,0,0,0
SZ0529_4-22_crop_01.jpg,0.0,0.0,0.0,0,0,0
SZ0529_4-23_crop_00.jpg,0.8615664845173042,0.9555555555555556,0.9061302681992338,1,10,0
SZ0529_4-24_crop_00.jpg,0.0,0.0,0.0,0,1,0
SZ0529_4-25_crop_01.jpg,0.0,0.0,0.0,0,0,0
SZ0529_4-2_crop_01.jpg,0.0,0.0,0.0,0,0,0
SZ0529_4-3_crop_02.jpg,0.8805970149253731,0.917098445595855,0.8984771573604061,1,4,0
SZ0529_4-6_crop_00.jpg,0.0,0.0,0.0,0,0,0
SZ0529_6-10_crop_02.jpg,0.0,0.0,0.0,0,0,0
SZ0529_6-1_crop_01.jpg,0.0,0.0,0.0,0,0,0
SZ0529_6-2_crop_01.jpg,0.0,0.0,0.0,0,0,0
SZ0529_6-8_crop_01.jpg,0.0,0.0,0.0,0,0,0
SZ0529_6-9_crop_00.jpg,0.0,0.0,0.0,0,0,0
XQL_1-228_crop_01.jpg,0.0,0.0,0.0,0,0,0
XQL_1-30_crop_01.jpg,0.0,0.0,0.0,0,0,0
XQL_1-332_crop_00.jpg,0.0,0.0,0.0,0,0,0
XQL_1-347_crop_00.jpg,0.0,0.0,0.0,0,0,0
XQL_1-348_crop_01.jpg,0.0,0.0,0.0,0,0,0
XQL_1-350_crop_00.jpg,0.0,0.0,0.0,0,0,0
XQL_1-376_crop_00.jpg,0.0,0.0,0.0,0,0,0
XQL_1-95_crop_01.jpg,0.0,0.0,0.0,0,0,0
XQL_1-98_crop_00.jpg,0.0,0.0,0.0,0,0,0
XQL_1-98_crop_02.jpg,0.0,0.0,0.0,0,0,0
tin436_01-06_crop_00.jpg,0.8711656441717791,0.6322350845948352,0.7327141382868937,10,21,0
tin436_01-06_crop_01.jpg,0.9203262233375157,0.8578947368421053,0.8880145278450363,7,14,0
tin436_01-08_crop_03.jpg,0.8433734939759037,0.8408408408408409,0.8421052631578948,1,2,0
tin436_02-04_crop_01.jpg,0.8517324738114423,0.8193798449612403,0.8352429869616752,9,17,0
tin436_02-06_crop_02.jpg,0.9784172661870504,0.5608247422680412,0.7129750982961993,3,2,0
tin436_02-09_crop_00.jpg,0.8357988165680473,0.7555496121957743,0.7936507936507936,15,41,0
tin436_03-03_crop_01.jpg,0.8296969696969697,0.762249443207127,0.7945443993035404,5,20,0
tin436_03-06_crop_00.jpg,0.8134878819810326,0.7727727727727728,0.7926078028747433,17,36,0
tin436_04-06_crop_01.jpg,0.7021683673469388,0.8482280431432974,0.7683182135380321,4,9,0
tin436_04-06_crop_02.jpg,0.0,0.0,0.0,0,0,0
tin436_04-08_crop_03.jpg,0.947069943289225,0.6752021563342318,0.7883556254917388,4,1,0
tin436_05-04_crop_00.jpg,0.8097591105620754,0.8403846153846154,0.8247876690783266,8,32,0
tin436_05-04_crop_01.jpg,0.0,0.0,0.0,1,0,0
tin_0731_01-04_crop_00.jpg,0.9082883766552231,0.6052287581699346,0.7264169444989214,5,13,0
tin_0731_01-10_crop_00.jpg,0.5255102040816326,0.7556618819776715,0.6199136464738977,7,24,0
tin_0731_01-15_crop_01.jpg,0.0,0.0,0.0,0,0,0
tin_0731_01-17_crop_00.jpg,0.0,0.0,0.0,0,0,0
tin_0731_01-17_crop_01.jpg,0.0,0.0,0.0,0,0,0
tin_0731_01-19_crop_00.jpg,0.849919311457773,0.7231121281464531,0.7814045499505439,4,14,0
tin_0731_01-22_crop_02.jpg,0.0,0.0,0.0,0,0,0
tin_0731_01-25_crop_00.jpg,0.8238866396761133,0.8514644351464435,0.8374485596707818,2,8,0
tin_0731_01-26_crop_00.jpg,0.7367740545199871,0.6732302845328345,0.7035703261652434,5,37,0
tin_0731_01-27_crop_00.jpg,0.7633447880870561,0.6458616010854816,0.6997060058798824,5,17,0
tin_0731_01-30_crop_02.jpg,0.5258620689655172,0.9838709677419355,0.6853932584269663,1,2,0
tin_0731_01-31_crop_00.jpg,0.5211697948494107,0.8540772532188842,0.6473298997018162,4,17,0
tin_0731_01-32_crop_00.jpg,0.0,0.0,0.0,1,0,0
tin_0731_02-04_crop_00.jpg,0.7777777777777778,0.8520286396181385,0.8132118451025057,1,11,0
tin_0731_02-05_crop_01.jpg,0.6510363574583758,0.5363941769316909,0.5881811204911741,5,20,0
tin_0731_02-12_crop_00.jpg,0.918918918918919,0.8235294117647058,0.8686131386861313,2,3,0
tin_0731_02-14_crop_02.jpg,0.0,0.0,0.0,0,0,0
tin_0731_02-16_crop_01.jpg,0.925,0.7216312056737588,0.8107569721115537,1,3,0
tin_0731_02-20_crop_01.jpg,0.0,0.0,0.0,0,0,0
tin_0731_02-23_crop_00.jpg,0.963855421686747,0.5287508261731659,0.6828851899274435,2,4,0
tin_0731_02-25_crop_01.jpg,1.0,0.8420107719928187,0.9142300194931774,1,0,0
tin_0731_02-27_crop_02.jpg,0.991166077738516,0.5282485875706214,0.6891891891891891,1,1,0
tin_0731_02-28_crop_02.jpg,0.9403846153846154,0.6946022727272727,0.7990196078431373,2,3,0
tin_0731_03-03_crop_01.jpg,0.818523153942428,0.7985347985347986,0.8084054388133499,1,15,0
tin_0731_03-08_crop_00.jpg,0.7468024014617594,0.6888995906573562,0.7166833667334669,2,23,0
tin_0731_03-09_crop_01.jpg,0.959122632103689,0.7329523809523809,0.830922047074066,1,3,0
tin_0731_03-13_crop_02.jpg,0.698601102161933,0.748750567923671,0.7228070175438597,2,24,0
tin_0731_03-27_crop_02.jpg,0.855072463768116,0.8119266055045872,0.8329411764705882,1,2,0
tin_0731_03-29_crop_03.jpg,0.9645390070921985,0.9379310344827586,0.951048951048951,1,1,0
tin_0731_03-32_crop_00.jpg,0.0,0.0,0.0,0,1,0
tin_0731_04-02_crop_00.jpg,0.5369127516778524,0.6964091403699674,0.6063477025106584,1,2,0
tin_0731_04-02_crop_01.jpg,0.8782608695652174,0.14918759231905465,0.255050505050505,1,0,0
tin_0731_04-08_crop_02.jpg,0.5250143760782059,0.7959895379250218,0.6327096327096328,1,13,0
tin_0731_04-10_crop_01.jpg,0.925789860396767,0.9292035398230089,0.9274935590725064,1,8,0
tin_0731_04-10_crop_02.jpg,0.9975490196078431,0.8409090909090909,0.9125560538116593,1,0,0
tin_0731_04-13_crop_02.jpg,0.0,0.0,0.0,0,0,0
tin_0731_04-15_crop_01.jpg,0.0,0.0,0.0,0,0,0
tin_0731_04-17_crop_00.jpg,0.939672131147541,0.5421869088157397,0.6876199616122841,4,6,0
tin_0731_04-22_crop_03.jpg,0.8524687685901249,0.6403038427167114,0.7313090073998468,1,18,0
tin_0731_04-25_crop_02.jpg,0.6335078534031413,0.8287671232876712,0.7181008902077151,1,3,0
tin_0731_04-25_crop_03.jpg,0.0,0.0,0.0,0,0,0
tin_0731_04-26_crop_01.jpg,0.0,0.0,0.0,0,0,0
tin_0731_04-29_crop_01.jpg,0.8992281303602059,0.6852941176470588,0.7778189910979229,2,14,0
tin_0731_04-30_crop_00.jpg,0.953416149068323,0.7892030848329049,0.8635724331926864,1,3,0
tin_0731_05-01_crop_01.jpg,0.8653317628582646,0.7257161672703326,0.7893982808022922,3,11,0
tin_0731_05-05_crop_00.jpg,0.12232415902140673,0.9523809523809523,0.2168021680216802,2,11,0
tin_0731_05-05_crop_01.jpg,0.8281338627339762,0.7841031149301826,0.8055172413793102,4,13,0
tin_0731_05-07_crop_01.jpg,0.6070588235294118,0.8037383177570093,0.6916890080428955,2,4,0
tin_0731_05-09_crop_01.jpg,0.7666666666666667,0.9857142857142858,0.8625,1,1,0
tin_0731_05-09_crop_02.jpg,0.9537037037037037,0.8583333333333333,0.9035087719298245,1,1,0
tin_0731_05-10_crop_01.jpg,0.9011627906976745,0.916256157635468,0.9086468001954079,3,6,0
tin_0731_05-11_crop_00.jpg,0.8450244698205547,0.7905982905982906,0.8169058508121746,2,18,0
tin_0731_05-13_crop_01.jpg,0.7770700636942676,0.6861642294713161,0.7287933094384706,1,7,0
tin_0731_05-16_crop_00.jpg,0.0,0.0,0.0,0,0,0
tin_0731_05-20_crop_00.jpg,0.6796556411418215,0.8351893095768375,0.7494379215588309,7,38,0
tin_0731_05-21_crop_02.jpg,0.0,0.0,0.0,0,0,0
tin_0731_05-22_crop_01.jpg,0.4370221327967807,0.9517966695880806,0.5990071704357419,4,10,0
tin_0731_05-23_crop_00.jpg,0.5214220601640839,0.9315960912052117,0.6686148451198131,3,14,0
tin_0731_05-25_crop_00.jpg,0.6248830682881198,0.9468462083628633,0.7528881375035222,7,15,0
tin_0731_05-27_crop_02.jpg,0.0,0.0,0.0,0,1,0
tin_0731_05-28_crop_02.jpg,0.0,0.0,0.0,0,0,0
tin_0731_05-29_crop_01.jpg,0.0,0.0,0.0,0,0,0
tin_0731_05-30_crop_00.jpg,0.0,0.0,0.0,0,0,0
tin_0731_05-30_crop_03.jpg,0.0,0.0,0.0,0,0,0
tin_0731_05-31_crop_01.jpg,0.7679324894514767,0.9732620320855615,0.8584905660377358,1,2,0
tin_0731_06-01_crop_01.jpg,0.8936170212765957,0.8704663212435233,0.8818897637795275,1,3,0
tin_0731_06-03_crop_00.jpg,0.8983577452285841,0.43819008443386015,0.5890570430733411,2,8,0
tin_0731_06-05_crop_01.jpg,0.8237768962615699,0.7747004295726883,0.7984852898339645,4,36,0
tin_0731_06-06_crop_01.jpg,0.0,0.0,0.0,0,0,0
tin_0731_06-08_crop_00.jpg,0.7909078999082929,0.5144439710268428,0.6233994217265593,3,37,0
tin_0731_06-09_crop_01.jpg,0.9125,0.8768768768768769,0.8943338437978561,2,4,0
tin_0731_06-10_crop_01.jpg,0.887557202004794,0.5916618245206275,0.7100148173973677,1,26,0
tin_0731_06-11_crop_01.jpg,0.0,0.0,0.0,0,0,0
tin_0731_06-13_crop_00.jpg,0.0,0.0,0.0,0,0,0
tin_0731_06-13_crop_01.jpg,0.0,0.0,0.0,0,0,0
tin_0731_06-15_crop_01.jpg,0.0,0.0,0.0,0,0,0
tin_0731_06-16_crop_01.jpg,0.8185102834908282,0.8024523160762943,0.810401761144744,4,23,0
tin_0731_06-17_crop_00.jpg,0.7311041448972484,0.8426334805299077,0.782916822081313,1,20,0
tin_0731_06-19_crop_02.jpg,0.856909239574816,0.7891566265060241,0.8216385731085849,3,4,0
tin_0731_06-20_crop_01.jpg,0.7988686360779385,0.7904228855721394,0.7946233197874336,5,5,0
tin_0731_06-21_crop_01.jpg,0.952819332566168,0.45295404814004375,0.614015572858732,2,5,0
tin_0731_06-22_crop_03.jpg,1.0,0.8256410256410256,0.9044943820224719,1,0,0
tin_0731_06-24_crop_01.jpg,0.975,0.5909090909090909,0.7358490566037736,1,1,0
tin_0731_06-25_crop_02.jpg,0.0,0.0,0.0,0,0,0
tin_0731_06-27_crop_01.jpg,0.782367447595561,0.5352172079291438,0.6356123215627347,3,13,0
tin_0731_06-29_crop_02.jpg,0.0,0.0,0.0,0,0,0
tin_0731_07-01_crop_00.jpg,0.7671777399204998,0.9385203195554012,0.8442430870176534,4,20,0
tin_0731_07-03_crop_03.jpg,0.42467948717948717,0.9706959706959707,0.5908584169453734,1,7,0
tin_0731_07-04_crop_01.jpg,0.0,0.0,0.0,0,0,0
tin_0731_07-05_crop_00.jpg,0.7984224364592463,0.860651865847898,0.8283700841100251,3,11,0
tin_0731_07-05_crop_02.jpg,0.6907894736842105,1.0,0.8171206225680934,1,2,0
tin_0731_07-08_crop_01.jpg,0.9307692307692308,0.8962962962962963,0.9132075471698113,1,2,0
tin_0731_07-10_crop_01.jpg,0.0,0.0,0.0,1,0,0
tin_0731_07-12_crop_00.jpg,0.8446601941747572,0.6889502762430939,0.75890049700781,7,46,0
tin_0731_07-13_crop_00.jpg,0.34901960784313724,0.9888888888888889,0.5159420289855071,1,4,0
tin_0731_07-13_crop_01.jpg,0.70625,1.0,0.8278388278388279,1,3,0
tin_0731_07-17_crop_00.jpg,0.9081481481481481,0.3674325674325674,0.5231863442389758,3,10,0
tin_0731_07-19_crop_00.jpg,0.8311158417598014,0.8433843384338434,0.8372051465332381,8,55,0
tin_0731_07-22_crop_02.jpg,0.9272727272727272,0.8947368421052632,0.9107142857142856,1,3,0
tin_0731_07-22_crop_03.jpg,0.9310344827586207,0.8350515463917526,0.8804347826086957,1,1,0
tin_0731_07-23_crop_02.jpg,0.0,0.0,0.0,0,0,0
tin_0731_07-26_crop_01.jpg,0.8715203426124197,0.5552523874488404,0.6783333333333335,4,6,0
tin_0731_07-30_crop_01.jpg,0.8366394399066511,0.9795081967213115,0.9024543738200126,2,11,0
tin_0731_07-30_crop_02.jpg,0.0,0.0,0.0,0,0,0
tin_0731_08-01_crop_00.jpg,0.8139810426540285,0.950207468879668,0.8768347160178686,2,10,0
tin_0731_08-01_crop_01.jpg,0.0,0.0,0.0,0,0,0
tin_0731_08-01_crop_02.jpg,1.0,0.8825,0.9375830013280213,1,0,0
tin_0731_08-03_crop_00.jpg,0.9701867816091954,0.5965106007067138,0.7387855579868708,4,9,0
tin_0731_08-09_crop_02.jpg,0.0,0.0,0.0,0,0,0
tin_0731_08-14_crop_01.jpg,0.7630544637843908,0.5583401807723911,0.6448398576512455,3,18,0
tin_0731_08-21_crop_01.jpg,0.0,0.0,0.0,0,0,0
tin_0731_08-25_crop_02.jpg,0.0,0.0,0.0,0,0,0
tin_0731_08-26_crop_02.jpg,0.0,0.0,0.0,0,0,0
tin_0731_08-29_crop_00.jpg,0.8798929407828705,0.4603938730853392,0.6044934781359537,2,37,0
tin_0731_08-29_crop_01.jpg,0.9733044733044733,0.5383080606544294,0.6932168550873586,3,10,0
tin_0731_08-30_crop_03.jpg,0.0,0.0,0.0,0,0,0
tin_0731_09-02_crop_00.jpg,0.7685185185185185,0.907103825136612,0.8320802005012531,1,2,0
tin_0731_09-04_crop_01.jpg,0.8634192932187201,0.9067201604814443,0.8845401174168297,3,10,0
tin_0731_09-08_crop_00.jpg,0.6761363636363636,0.7474874371859297,0.7100238663484487,4,6,0
tin_0731_09-09_crop_02.jpg,0.9634146341463414,0.39565943238731216,0.5609467455621301,1,1,0
tin_0731_09-13_crop_01.jpg,0.8935532233883059,0.890881913303438,0.8922155688622755,2,4,0
tin_0731_09-14_crop_02.jpg,0.9007633587786259,0.8838951310861424,0.892249527410208,1,3,0
tin_0731_09-18_crop_00.jpg,0.6282090937210022,0.9381062355658198,0.7525009262689886,9,21,0
tin_0731_09-21_crop_02.jpg,0.9642857142857143,0.2634146341463415,0.4137931034482759,2,1,0
tin_0731_09-22_crop_00.jpg,0.6391941391941391,0.6213649851632047,0.6301534757749022,5,11,0
tin_0731_09-24_crop_02.jpg,0.0,0.0,0.0,0,0,0
tin_0731_09-26_crop_00.jpg,0.0,0.0,0.0,2,0,0
tin_0731_09-26_crop_02.jpg,0.853404614518852,0.5145038167938931,0.6419726955233358,1,21,0
tin_0731_09-29_crop_01.jpg,0.9278996865203761,0.9079754601226994,0.917829457364341,1,5,0
tin_0731_09-31_crop_01.jpg,0.7455741021750126,0.783625730994152,0.7641264904095386,4,12,0
tin_0731_09-31_crop_02.jpg,0.0,0.0,0.0,0,0,0
tin_0731_09-32_crop_00.jpg,0.7626382306477093,0.8348465196714224,0.797110423116615,3,9,0
tin_0731_09-32_crop_02.jpg,0.0,0.0,0.0,0,0,0
tin_0731_10-02_crop_00.jpg,0.9358974358974359,0.7470760233918129,0.8308943089430894,2,3,0
tin_0731_10-04_crop_00.jpg,0.7574437182280319,0.7234682080924856,0.7400662251655629,3,28,0
tin_0731_10-05_crop_01.jpg,0.935361216730038,0.6637884511602806,0.7765151515151515,2,8,0
tin_0731_10-06_crop_00.jpg,0.9893276414087513,0.41926729986431477,0.5889453621346886,2,1,0
tin_0731_10-06_crop_01.jpg,0.0,0.0,0.0,0,0,0
tin_0731_10-07_crop_01.jpg,0.2739403453689168,0.9407008086253369,0.4243161094224924,1,9,0
tin_0731_10-07_crop_02.jpg,0.9549132947976878,0.7690875232774674,0.851985559566787,3,5,0
tin_0731_10-08_crop_00.jpg,0.9139393939393939,0.3496406213772316,0.505785678349824,5,7,0
tin_0731_10-08_crop_01.jpg,0.0,0.0,0.0,0,0,0
tin_0731_10-09_crop_00.jpg,0.8975460122699387,0.8434707408475065,0.8696685986030613,3,29,0
tin_0731_10-09_crop_01.jpg,1.0,0.15810968494749125,0.2730478589420655,2,0,0
tin_0731_10-14_crop_00.jpg,0.9935794542536116,0.6641630901287554,0.7961414790996786,2,1,0
tin_0731_10-16_crop_00.jpg,0.861878453038674,0.8654646324549237,0.8636678200692042,1,7,0
tin_0731_10-17_crop_01.jpg,0.0,0.0,0.0,0,2,0
tin_0731_10-18_crop_00.jpg,0.9432989690721649,0.4546583850931677,0.6135792120704108,3,6,0
tin_0731_10-18_crop_01.jpg,0.9644381223328592,0.7883720930232558,0.8675623800383878,2,4,0
tin_0731_10-24_crop_02.jpg,0.6886854153041203,0.6290322580645161,0.6575085857009054,2,9,0
tin_0731_10-25_crop_02.jpg,0.8221421552571241,0.7821751324400125,0.8016608112424145,1,26,0
tin_0731_10-29_crop_01.jpg,0.0,0.0,0.0,0,0,0
tin_0731_10-29_crop_02.jpg,0.0,0.0,0.0,0,0,0
tin_0731_10-30_crop_00.jpg,0.9488875526157546,0.377511961722488,0.5401334930686291,2,11,0
tin_0731_10-30_crop_01.jpg,0.8524322559582109,0.7260845383759733,0.784201832106923,1,15,0
