image,component_id,area_px,eq_diameter_px,eq_diameter_um,gate_strip_coverage,strip_expert_tind_coverage,final_tind_coverage,gate_strip_detected,strip_expert_tind_detected,final_tind_detected
0506tin1_1_30_crop_00.jpg,1,60,8.740387444736633,4.761763079892518,0.8166666666666667,0.65,0.65,1,1,1
0506tin1_1_30_crop_00.jpg,2,99,11.227230955528665,6.116595424572016,0.7474747474747475,0.7676767676767676,0.7474747474747475,1,1,1
0506tin1_1_30_crop_00.jpg,3,157,14.138550439257221,7.702682279307333,0.802547770700637,0.8089171974522293,0.802547770700637,1,1,1
0506tin1_1_30_crop_00.jpg,4,61,8.812923024107548,4.801280463533791,0.9836065573770492,0.9836065573770492,0.9836065573770492,1,1,1
0506tin1_1_30_crop_00.jpg,5,143,13.493452297211721,7.351232811520945,0.8111888111888111,0.8111888111888111,0.8111888111888111,1,1,1
0506tin1_1_30_crop_00.jpg,6,98,11.170383851240114,6.085625122155614,0.673469387755102,0.4897959183673469,0.4897959183673469,1,1,1
0506tin1_1_30_crop_00.jpg,7,72,9.574614729634384,5.2162501047048115,0.8888888888888888,0.9027777777777778,0.8888888888888888,1,1,1
0506tin1_1_30_crop_00.jpg,8,39,7.046725639945928,3.839056128642541,0.8205128205128205,0.8205128205128205,0.8205128205128205,1,1,1
0506tin1_1_30_crop_00.jpg,9,112,11.941642642883693,6.5058069118430355,0.8303571428571429,0.8482142857142857,0.8392857142857143,1,1,1
0506tin1_1_30_crop_00.jpg,10,80,10.092530088080641,5.498410391986333,0.75,0.65,0.65,1,1,1
0506tin1_1_30_crop_00.jpg,11,87,10.524820207108489,5.733922048832704,0.9770114942528736,0.0,0.0,1,0,0
0506tin1_1_33_crop_02.jpg,1,96,11.055812783082736,6.023206804223474,0.0,0.0,0.0,0,0,0
0506tin1_1_35_crop_01.jpg,1,90,10.704744696916627,5.831944910880178,0.0,0.0,0.0,0,0,0
0506tin1_1_35_crop_01.jpg,2,83,10.280023453913834,5.6005567776922565,0.0,0.0,0.0,0,0,0
0506tin1_1_37_crop_01.jpg,1,110,11.834540545406394,6.447457689137403,0.9272727272727272,0.03636363636363636,0.03636363636363636,1,0,0
0506tin1_1_37_crop_01.jpg,2,157,14.138550439257221,7.702682279307333,0.9299363057324841,0.0,0.0,1,0,0
0506tin1_1_37_crop_01.jpg,3,190,15.553633450087505,8.473619503607672,0.7105263157894737,0.7315789473684211,0.7157894736842105,1,1,1
0506tin1_1_37_crop_01.jpg,4,51,8.058239062071396,4.390128641016496,0.058823529411764705,0.0196078431372549,0.0196078431372549,0,0,0
0506tin1_1_39_crop_01.jpg,1,72,9.574614729634384,5.2162501047048115,0.8194444444444444,0.8333333333333334,0.8333333333333334,1,1,1
0506tin1_1_39_crop_01.jpg,2,37,6.863662517577698,3.7393233395763295,0.05405405405405406,0.0,0.0,0,0,0
0506tin1_1_39_crop_01.jpg,3,75,9.772050238058398,5.323812969694215,0.76,0.76,0.76,1,1,1
0506tin1_1_39_crop_01.jpg,4,45,7.569397566060481,4.12380779398975,0.9111111111111111,0.9333333333333333,0.9333333333333333,1,1,1
0506tin1_1_39_crop_01.jpg,5,85,10.403141895720198,5.667631704788364,0.8235294117647058,0.8352941176470589,0.8235294117647058,1,1,1
0506tin1_1_40_crop_01.jpg,1,96,11.055812783082736,6.023206804223474,0.78125,0.0,0.0,1,0,0
0506tin1_1_40_crop_01.jpg,2,109,11.780624362746345,6.418084152824208,0.8899082568807339,0.8807339449541285,0.8807339449541285,1,1,1
0506tin1_1_40_crop_01.jpg,3,281,18.91508160359296,10.304936457637444,0.9750889679715302,0.9786476868327402,0.9715302491103203,1,1,1
0506tin1_1_40_crop_01.jpg,4,44,7.48482063701911,4.077730283048011,0.0,0.0,0.0,0,0,0
0506tin1_1_40_crop_01.jpg,5,59,8.667244841319219,4.72191498955071,0.0,0.0,0.0,0,0,0
0506tin1_1_40_crop_01.jpg,6,136,13.159049284959082,7.169050050445707,0.7352941176470589,0.7647058823529411,0.7573529411764706,1,1,1
0506tin1_1_40_crop_01.jpg,7,26,5.753627391751592,3.134576203026267,0.6923076923076923,0.8076923076923077,0.6923076923076923,1,1,1
0506tin1_1_40_crop_01.jpg,8,172,14.798554040663838,8.062252241353658,0.8372093023255814,0.8604651162790697,0.8488372093023255,1,1,1
0506tin1_1_40_crop_01.jpg,9,101,11.340070282773887,6.178070290055213,0.8910891089108911,0.7821782178217822,0.7821782178217822,1,1,1
0506tin1_1_40_crop_01.jpg,10,90,10.704744696916627,5.831944910880178,0.5777777777777777,0.6222222222222222,0.6222222222222222,1,1,1
0506tin1_1_40_crop_01.jpg,11,100,11.283791670955125,6.147409702336351,0.65,0.68,0.66,1,1,1
0506tin1_1_45_crop_01.jpg,1,68,9.304852983362556,5.06928390533592,0.0,0.0,0.0,0,0,0
0506tin1_1_45_crop_01.jpg,2,107,11.67204486311899,6.358930041427225,0.794392523364486,0.8037383177570093,0.794392523364486,1,1,1
0506tin1_1_46_crop_02.jpg,1,339,20.775663783985824,11.318581629515476,0.9528023598820059,0.967551622418879,0.9587020648967551,1,1,1
0506tin1_1_46_crop_02.jpg,2,65,9.09728368293446,4.956200150462694,0.26153846153846155,0.0,0.0,0,0,0
0506tin1_1_46_crop_02.jpg,3,131,12.914889870235298,7.036032001304189,0.7175572519083969,0.7251908396946565,0.7251908396946565,1,1,1
0506tin1_1_47_crop_03.jpg,1,65,9.09728368293446,4.956200150462694,0.0,0.0,0.0,0,0,0
0506tin1_1_49_crop_00.jpg,1,135,13.110581167104948,7.142644619838776,0.9703703703703703,0.9925925925925926,0.9703703703703703,1,1,1
0506tin1_1_49_crop_00.jpg,2,93,10.881694613449236,5.928347225407143,0.967741935483871,0.989247311827957,0.989247311827957,1,1,1
0506tin1_1_49_crop_00.jpg,3,176,14.96964127403822,8.155460566096021,0.9659090909090909,0.9829545454545454,0.9715909090909091,1,1,1
0506tin1_1_49_crop_00.jpg,4,31,6.282549314314218,3.4227328664383854,0.8709677419354839,0.9032258064516129,0.8709677419354839,1,1,1
0506tin1_1_49_crop_00.jpg,5,217,16.622063085174787,9.055699968803223,0.7373271889400922,0.8202764976958525,0.7880184331797235,1,1,1
0506tin1_1_49_crop_00.jpg,6,182,15.222667215103916,8.293309098788614,0.7252747252747253,0.7417582417582418,0.7252747252747253,1,1,1
0506tin1_1_49_crop_00.jpg,7,58,8.593479713983122,4.681727748178004,0.9137931034482759,0.9310344827586207,0.9137931034482759,1,1,1
0506tin1_1_49_crop_00.jpg,8,126,12.666024736934256,6.900450276681782,0.9285714285714286,0.9761904761904762,0.9603174603174603,1,1,1
0506tin1_1_49_crop_00.jpg,9,112,11.941642642883693,6.5058069118430355,0.6517857142857143,0.6964285714285714,0.6607142857142857,1,1,1
0506tin1_1_49_crop_00.jpg,10,77,9.901487006738307,5.394330121271029,0.8701298701298701,0.9090909090909091,0.8831168831168831,1,1,1
0506tin1_1_49_crop_00.jpg,11,55,8.368283871884005,4.559041053402406,0.8545454545454545,0.8909090909090909,0.8727272727272727,1,1,1
0506tin1_1_49_crop_00.jpg,12,182,15.222667215103916,8.293309098788614,0.8736263736263736,0.9120879120879121,0.9010989010989011,1,1,1
0506tin1_1_49_crop_00.jpg,13,109,11.780624362746345,6.418084152824208,0.8715596330275229,0.908256880733945,0.8899082568807339,1,1,1
0506tin1_1_49_crop_00.jpg,14,71,9.507891862878783,5.17989948689636,0.7887323943661971,0.8309859154929577,0.7887323943661971,1,1,1
0506tin1_1_49_crop_00.jpg,15,176,14.96964127403822,8.155460566096021,0.7159090909090909,0.7840909090909091,0.7272727272727273,1,1,1
0506tin1_1_49_crop_00.jpg,16,171,14.755472278097805,8.038781297107684,0.783625730994152,0.8538011695906432,0.8187134502923976,1,1,1
0506tin1_1_49_crop_00.jpg,17,114,12.047792665040703,6.563637443914175,0.8421052631578947,0.8859649122807017,0.8508771929824561,1,1,1
0506tin1_1_49_crop_00.jpg,18,128,12.766152972845846,6.955000139606416,0.6796875,0.75,0.71875,1,1,1
0506tin1_1_49_crop_00.jpg,19,215,16.545286401814263,9.01387203170841,0.7534883720930232,0.8232558139534883,0.8,1,1,1
0506tin1_1_49_crop_00.jpg,20,144,13.540550005146152,7.376891642803622,0.4652777777777778,0.5,0.4652777777777778,1,1,1
0506tin1_1_49_crop_00.jpg,21,198,15.877702285203682,8.650172204978965,0.8131313131313131,0.8383838383838383,0.8232323232323232,1,1,1
0506tin1_1_50_crop_01.jpg,1,29,6.076507779746499,3.3104814384058923,0.0,0.0,0.0,0,0,0
0506tin1_1_50_crop_01.jpg,2,16,4.51351666838205,2.4589638809345407,1.0,0.0,0.0,1,0,0
0506tin1_1_50_crop_01.jpg,3,20,5.046265044040321,2.7492051959931665,0.9,0.0,0.0,1,0,0
0506tin1_1_50_crop_01.jpg,4,109,11.780624362746345,6.418084152824208,0.8899082568807339,0.908256880733945,0.8990825688073395,1,1,1
0506tin1_1_50_crop_03.jpg,1,58,8.593479713983122,4.681727748178004,0.0,0.0,0.0,0,0,0
0506tin1_1_50_crop_03.jpg,2,132,12.964089628857149,7.062836029801374,0.8636363636363636,0.9015151515151515,0.8787878787878788,1,1,1
0506tin1_1_55_crop_02.jpg,1,51,8.058239062071396,4.390128641016496,0.0392156862745098,0.0,0.0,0,0,0
0506tin1_1_55_crop_02.jpg,2,51,8.058239062071396,4.390128641016496,0.0,0.0,0.0,0,0,0
0506tin1_1_55_crop_02.jpg,3,44,7.48482063701911,4.077730283048011,0.0,0.0,0.0,0,0,0
0506tin1_1_55_crop_02.jpg,4,170,14.712264360219255,8.01524162344745,0.7411764705882353,0.7529411764705882,0.7470588235294118,1,1,1
0506tin1_1_56_crop_02.jpg,1,141,13.398760233979036,7.2996445754717785,0.8865248226950354,0.8865248226950354,0.8794326241134752,1,1,1
0506tin1_1_56_crop_02.jpg,2,131,12.914889870235298,7.036032001304189,0.8244274809160306,0.8549618320610687,0.8320610687022901,1,1,1
0506tin1_1_58_crop_00.jpg,1,61,8.812923024107548,4.801280463533791,0.7868852459016393,0.8032786885245902,0.7868852459016393,1,1,1
0506tin1_1_58_crop_00.jpg,2,47,7.735777827895049,4.214451760637222,0.8723404255319149,0.8723404255319149,0.8723404255319149,1,1,1
0506tin1_1_58_crop_00.jpg,3,62,8.884866446580956,4.840475240097304,1.0,0.0,0.0,1,0,0
0506tin1_1_62_crop_02.jpg,1,95,10.998079684646791,5.991753812195571,0.9052631578947369,0.9157894736842105,0.9052631578947369,1,1,1
0506tin1_1_64_crop_01.jpg,1,42,7.312732791431452,3.983976824771855,0.7142857142857143,0.8095238095238095,0.7142857142857143,1,1,1
0506tin1_1_64_crop_01.jpg,2,153,13.957279475043833,7.60392585800388,0.803921568627451,0.803921568627451,0.803921568627451,1,1,1
0506tin1_1_65_crop_01.jpg,1,45,7.569397566060481,4.12380779398975,0.0,0.0,0.0,0,0,0
0506tin1_1_65_crop_01.jpg,2,152,13.911592676604096,7.579035690213911,0.7828947368421053,0.8026315789473685,0.7828947368421053,1,1,1
0506tin1_1_65_crop_01.jpg,3,73,9.640875829802336,5.252349152076312,0.821917808219178,0.6301369863013698,0.6301369863013698,1,1,1
0506tin1_1_65_crop_01.jpg,4,78,9.965574970333758,5.429245243837831,0.7307692307692307,0.7948717948717948,0.7435897435897436,1,1,1
0506tin1_1_65_crop_01.jpg,5,186,15.389040103942165,8.38394904862769,0.9516129032258065,0.967741935483871,0.956989247311828,1,1,1
0506tin1_1_65_crop_01.jpg,6,191,15.594510349620345,8.495889238473163,0.9633507853403142,0.9842931937172775,0.9685863874345549,1,1,1
0506tin1_1_68_crop_01.jpg,1,93,10.881694613449236,5.928347225407143,0.9354838709677419,0.956989247311828,0.946236559139785,1,1,1
0506tin1_1_69_crop_02.jpg,1,81,10.155412503859614,5.532668732102717,0.9382716049382716,0.0,0.0,1,0,0
0506tin1_1_69_crop_02.jpg,2,66,9.166995688475081,4.994179251081224,0.9393939393939394,0.9393939393939394,0.9393939393939394,1,1,1
0506tin1_1_69_crop_02.jpg,3,118,12.257335203001883,6.677796218595425,0.847457627118644,0.864406779661017,0.864406779661017,1,1,1
0506tin1_1_71_crop_01.jpg,1,91,10.764051215546116,5.8642551022295235,0.7692307692307693,0.7692307692307693,0.7692307692307693,1,1,1
0506tin1_1_71_crop_01.jpg,2,105,11.562445770562215,6.299220455802295,0.8571428571428571,0.8571428571428571,0.8571428571428571,1,1,1
0506tin1_1_71_crop_01.jpg,3,31,6.282549314314218,3.4227328664383854,0.22580645161290322,0.0,0.0,0,0,0
0506tin1_1_71_crop_01.jpg,4,45,7.569397566060481,4.12380779398975,0.0,0.0,0.0,0,0,0
0506tin1_1_71_crop_01.jpg,5,149,13.773623058786647,7.5038698424269645,0.6912751677852349,0.6845637583892618,0.6711409395973155,1,1,1
0506tin2_01-03_crop_01.jpg,1,163,14.406180819073164,7.848487310231059,0.9263803680981595,0.0,0.0,1,0,0
0506tin2_01-10_crop_00.jpg,1,154,14.002817212590296,7.6287348174191925,0.9285714285714286,0.948051948051948,0.935064935064935,1,1,1
0506tin2_01-10_crop_00.jpg,2,50,7.978845608028654,4.34687508725401,0.0,0.0,0.0,0,0,0
0506tin2_01-10_crop_00.jpg,3,36,6.770275002573076,3.688445821401811,0.6111111111111112,0.6666666666666666,0.6388888888888888,1,1,1
0506tin2_01-10_crop_00.jpg,4,138,13.255453865237978,7.22157126578165,0.8115942028985508,0.8478260869565217,0.8405797101449275,1,1,1
0506tin2_01-10_crop_00.jpg,5,57,8.51907589177983,4.64119254584165,0.8245614035087719,0.8245614035087719,0.8070175438596491,1,1,1
0506tin2_01-10_crop_00.jpg,6,59,8.667244841319219,4.72191498955071,0.9830508474576272,0.9830508474576272,0.9830508474576272,1,1,1
0506tin2_01-10_crop_00.jpg,7,54,8.291859587312052,4.517405103167605,0.9629629629629629,0.9814814814814815,0.9814814814814815,1,1,1
0506tin2_01-10_crop_00.jpg,8,201,15.99753570059363,8.71545744968341,0.9900497512437811,0.0,0.0,1,0,0
0506tin2_01-10_crop_00.jpg,9,118,12.257335203001883,6.677796218595425,0.8389830508474576,0.8559322033898306,0.8559322033898306,1,1,1
0506tin2_01-10_crop_00.jpg,10,64,9.0270333367641,4.917927761869081,0.890625,0.875,0.859375,1,1,1
0506tin2_01-10_crop_00.jpg,11,42,7.312732791431452,3.983976824771855,0.7142857142857143,0.7619047619047619,0.7142857142857143,1,1,1
0506tin2_01-15_crop_01.jpg,1,289,19.182445840623714,10.450596493971798,0.5709342560553633,0.615916955017301,0.5847750865051903,1,1,1
0506tin2_01-16_crop_00.jpg,1,166,14.538148590038452,7.920383351852948,0.8433734939759037,0.8795180722891566,0.8554216867469879,1,1,1
0506tin2_01-16_crop_00.jpg,2,91,10.764051215546116,5.8642551022295235,0.7912087912087912,0.8131868131868132,0.8021978021978022,1,1,1
0506tin2_01-16_crop_00.jpg,3,83,10.280023453913834,5.6005567776922565,0.8313253012048193,0.891566265060241,0.8674698795180723,1,1,1
0506tin2_01-16_crop_00.jpg,4,79,10.02925341359355,5.463937259725765,0.0,0.31645569620253167,0.10126582278481013,0,1,0
0506tin2_01-16_crop_00.jpg,5,216,16.583719174624104,9.03481020633521,0.8888888888888888,0.9074074074074074,0.8888888888888888,1,1,1
0506tin2_01-16_crop_00.jpg,6,56,8.444016491289505,4.600300184454522,0.0,0.0,0.0,0,0,0
0506tin2_01-16_crop_00.jpg,7,44,7.48482063701911,4.077730283048011,0.8863636363636364,0.9318181818181818,0.8863636363636364,1,1,1
0506tin2_01-16_crop_00.jpg,8,315,20.026743534373637,10.910569877526756,0.8698412698412699,0.9301587301587302,0.9047619047619048,1,1,1
0506tin2_01-16_crop_00.jpg,9,276,18.746042631630413,10.212844025712249,0.9818840579710145,0.9891304347826086,0.9855072463768116,1,1,1
0506tin2_01-16_crop_00.jpg,10,155,14.048207338801282,7.6534633581789375,0.9032258064516129,0.0,0.0,1,0,0
0506tin2_01-16_crop_00.jpg,11,67,9.23618154310838,5.031871704685445,0.746268656716418,0.7313432835820896,0.7313432835820896,1,1,1
0506tin2_01-16_crop_00.jpg,12,132,12.964089628857149,7.062836029801374,0.8484848484848485,0.8106060606060606,0.803030303030303,1,1,1
0506tin2_01-16_crop_00.jpg,13,119,12.309163489997376,6.70603226935057,0.8907563025210085,0.8571428571428571,0.8571428571428571,1,1,1
0506tin2_01-16_crop_00.jpg,14,232,17.186959427966244,9.363455496356009,0.9396551724137931,0.9525862068965517,0.9396551724137931,1,1,1
0506tin2_01-16_crop_00.jpg,15,134,13.061933202803933,7.116141208887583,0.9402985074626866,0.9552238805970149,0.9402985074626866,1,1,1
0506tin2_01-16_crop_00.jpg,16,57,8.51907589177983,4.64119254584165,0.9824561403508771,0.9824561403508771,0.9649122807017544,1,1,1
0506tin2_01-16_crop_00.jpg,17,92,10.823032759612019,5.896388247436628,0.8260869565217391,0.8260869565217391,0.8260869565217391,1,1,1
0506tin2_01-16_crop_01.jpg,1,154,14.002817212590296,7.6287348174191925,0.9155844155844156,0.935064935064935,0.935064935064935,1,1,1
0506tin2_01-21_crop_02.jpg,1,148,13.727325035155395,7.478646679152659,0.8648648648648649,0.8716216216216216,0.8648648648648649,1,1,1
0506tin2_02-01_crop_01.jpg,1,89,10.645107772184812,5.799454714286285,0.651685393258427,0.6741573033707865,0.651685393258427,1,1,1
0506tin2_02-01_crop_01.jpg,2,118,12.257335203001883,6.677796218595425,0.9745762711864406,0.6864406779661016,0.6864406779661016,1,1,1
0506tin2_02-01_crop_01.jpg,3,54,8.291859587312052,4.517405103167605,0.6851851851851852,0.6481481481481481,0.6111111111111112,1,1,1
0506tin2_02-01_crop_01.jpg,4,68,9.304852983362556,5.06928390533592,1.0,0.0,0.0,1,0,0
0506tin2_02-01_crop_01.jpg,5,73,9.640875829802336,5.252349152076312,0.6986301369863014,0.0,0.0,1,0,0
0506tin2_02-01_crop_01.jpg,6,62,8.884866446580956,4.840475240097304,0.8709677419354839,0.5,0.4838709677419355,1,1,1
0506tin2_02-02_crop_00.jpg,1,109,11.780624362746345,6.418084152824208,0.7706422018348624,0.8073394495412844,0.7706422018348624,1,1,1
0506tin2_02-02_crop_00.jpg,2,86,10.464157913908982,5.700873231497613,0.8837209302325582,0.8953488372093024,0.8837209302325582,1,1,1
0506tin2_02-02_crop_00.jpg,3,113,11.994835078277376,6.534786150645513,0.8938053097345132,0.9203539823008849,0.9026548672566371,1,1,1
0506tin2_02-02_crop_00.jpg,4,184,15.306079714651624,8.338752228542203,0.8804347826086957,0.8858695652173914,0.8804347826086957,1,1,1
0506tin2_02-04_crop_03.jpg,1,65,9.09728368293446,4.956200150462694,0.9538461538461539,0.9538461538461539,0.9538461538461539,1,1,1
0506tin2_02-14_crop_02.jpg,1,84,10.341765891652821,5.634194057772457,0.8452380952380952,0.8690476190476191,0.8571428571428571,1,1,1
0506tin2_02-16_crop_02.jpg,1,69,9.373021315815206,5.106422012856124,0.0,0.0,0.0,0,0,0
0506tin2_02-18_crop_01.jpg,1,68,9.304852983362556,5.06928390533592,0.9852941176470589,0.9852941176470589,0.9852941176470589,1,1,1
0506tin2_02-18_crop_01.jpg,2,258,18.12445316531431,9.874202084463235,0.9147286821705426,0.9147286821705426,0.9108527131782945,1,1,1
0506tin2_02-18_crop_02.jpg,1,48,7.817640190446719,4.259050375755372,0.0,0.0,0.0,0,0,0
0506tin2_02-21_crop_00.jpg,1,353,21.200319792199185,11.549934222790116,0.943342776203966,0.9603399433427762,0.9461756373937678,1,1,1
0506tin2_02-21_crop_01.jpg,1,139,13.303394180365686,7.247689149463225,0.0,0.0,0.0,0,0,0
0506tin2_03-02_crop_02.jpg,1,110,11.834540545406394,6.447457689137403,0.7727272727272727,0.7818181818181819,0.7727272727272727,1,1,1
0506tin2_03-03_crop_02.jpg,1,55,8.368283871884005,4.559041053402406,0.23636363636363636,0.0,0.0,0,0,0
0506tin2_03-03_crop_02.jpg,2,39,7.046725639945928,3.839056128642541,0.8205128205128205,0.28205128205128205,0.28205128205128205,1,0,0
0506tin2_03-03_crop_02.jpg,3,70,9.440697438826296,5.143291964672565,0.8142857142857143,0.7,0.7,1,1,1
0506tin2_03-03_crop_02.jpg,4,32,6.383076486422923,3.477500069803208,0.71875,0.78125,0.71875,1,1,1
0506tin2_03-03_crop_02.jpg,5,54,8.291859587312052,4.517405103167605,0.7222222222222222,0.7222222222222222,0.7222222222222222,1,1,1
0506tin2_03-03_crop_02.jpg,6,92,10.823032759612019,5.896388247436628,0.7282608695652174,0.6847826086956522,0.6847826086956522,1,1,1
0506tin2_03-04_crop_01.jpg,1,99,11.227230955528665,6.116595424572016,0.7878787878787878,0.797979797979798,0.7676767676767676,1,1,1
0506tin2_03-04_crop_01.jpg,2,69,9.373021315815206,5.106422012856124,0.927536231884058,0.9710144927536232,0.9420289855072463,1,1,1
0506tin2_03-04_crop_01.jpg,3,76,9.83698151873187,5.359187531405122,0.9736842105263158,0.9868421052631579,0.9868421052631579,1,1,1
0506tin2_03-04_crop_01.jpg,4,70,9.440697438826296,5.143291964672565,0.6428571428571429,0.6142857142857143,0.5857142857142857,1,1,1
0506tin2_03-04_crop_01.jpg,5,43,7.399277020331919,4.031126120676829,0.0,0.0,0.0,0,0,0
0506tin2_03-04_crop_01.jpg,6,46,7.653039857325812,4.169376114271102,0.0,0.0,0.0,0,0,0
0506tin2_03-04_crop_01.jpg,7,63,8.95623198216277,4.879355183882277,0.0,0.0,0.0,0,0,0
0506tin2_03-04_crop_01.jpg,8,59,8.667244841319219,4.72191498955071,0.847457627118644,0.864406779661017,0.864406779661017,1,1,1
0506tin2_03-04_crop_01.jpg,9,79,10.02925341359355,5.463937259725765,0.759493670886076,0.8607594936708861,0.810126582278481,1,1,1
0506tin2_03-07_crop_00.jpg,1,193,15.67594437773643,8.540254496990807,0.9222797927461139,0.9378238341968912,0.927461139896373,1,1,1
0506tin2_03-07_crop_00.jpg,2,95,10.998079684646791,5.991753812195571,0.631578947368421,0.7473684210526316,0.6526315789473685,1,1,1
0506tin2_03-07_crop_00.jpg,3,279,18.847647942942654,10.268198599315157,0.8136200716845878,0.8494623655913979,0.8279569892473119,1,1,1
0506tin2_03-07_crop_00.jpg,4,215,16.545286401814263,9.01387203170841,0.8046511627906977,0.8372093023255814,0.8093023255813954,1,1,1
0506tin2_03-10_crop_01.jpg,1,231,17.14987856615383,9.343253842840607,0.8614718614718615,0.8874458874458875,0.8701298701298701,1,1,1
0506tin2_03-10_crop_01.jpg,2,123,12.514330345744634,6.817807172361676,0.0,0.0,0.0,0,0,0
0506tin2_03-10_crop_01.jpg,3,183,15.26443044094783,8.316061704228376,0.9180327868852459,0.9344262295081968,0.9234972677595629,1,1,1
0506tin2_03-11_crop_00.jpg,1,86,10.464157913908982,5.700873231497613,0.7906976744186046,0.7674418604651163,0.7674418604651163,1,1,1
0506tin2_03-11_crop_00.jpg,2,205,16.15593100600236,8.801751212070084,0.9560975609756097,0.9560975609756097,0.9560975609756097,1,1,1
0506tin2_03-11_crop_00.jpg,3,88,10.585134856802455,5.766781469985977,0.8977272727272727,0.8977272727272727,0.8863636363636364,1,1,1
0506tin2_03-11_crop_00.jpg,4,45,7.569397566060481,4.12380779398975,0.5111111111111111,0.5333333333333333,0.4888888888888889,1,1,1
0506tin2_03-11_crop_00.jpg,5,169,14.668929172241665,7.991632613037258,0.8757396449704142,0.9171597633136095,0.8875739644970414,1,1,1
0506tin2_03-11_crop_00.jpg,6,69,9.373021315815206,5.106422012856124,0.8260869565217391,0.8260869565217391,0.8115942028985508,1,1,1
0506tin2_03-11_crop_00.jpg,7,67,9.23618154310838,5.031871704685445,0.8059701492537313,0.8208955223880597,0.8059701492537313,1,1,1
0506tin2_03-11_crop_00.jpg,8,207,16.23454913941803,8.84458237115494,0.893719806763285,0.8985507246376812,0.893719806763285,1,1,1
0506tin2_03-11_crop_00.jpg,9,64,9.0270333367641,4.917927761869081,0.84375,0.75,0.75,1,1,1
0506tin2_03-11_crop_00.jpg,10,33,6.4820448144285745,3.531418014900687,0.45454545454545453,0.42424242424242425,0.42424242424242425,1,1,1
0506tin2_03-11_crop_00.jpg,11,86,10.464157913908982,5.700873231497613,0.9534883720930233,0.9418604651162791,0.9418604651162791,1,1,1
0506tin2_03-11_crop_00.jpg,12,98,11.170383851240114,6.085625122155614,0.9693877551020408,0.9693877551020408,0.9489795918367347,1,1,1
0506tin2_03-11_crop_01.jpg,1,94,10.940041919714261,5.960134837860329,0.851063829787234,0.851063829787234,0.851063829787234,1,1,1
0506tin2_03-11_crop_01.jpg,2,175,14.927053303604616,8.132258639803794,0.7314285714285714,0.7314285714285714,0.7085714285714285,1,1,1
0506tin2_03-11_crop_01.jpg,3,66,9.166995688475081,4.994179251081224,0.0,0.0,0.0,0,0,0
0506tin2_03-14_crop_01.jpg,1,205,16.15593100600236,8.801751212070084,0.9463414634146341,0.4878048780487805,0.4878048780487805,1,1,1
0506tin2_03-14_crop_01.jpg,2,78,9.965574970333758,5.429245243837831,0.7948717948717948,0.7948717948717948,0.782051282051282,1,1,1
0506tin2_03-14_crop_01.jpg,3,77,9.901487006738307,5.394330121271029,0.8701298701298701,0.9090909090909091,0.8961038961038961,1,1,1
0506tin2_03-14_crop_01.jpg,4,42,7.312732791431452,3.983976824771855,0.6666666666666666,0.6428571428571429,0.6428571428571429,1,1,1
0506tin2_03-14_crop_01.jpg,5,116,12.153015559492998,6.6209628768117845,0.9655172413793104,0.9655172413793104,0.9655172413793104,1,1,1
0506tin2_03-14_crop_01.jpg,6,65,9.09728368293446,4.956200150462694,0.8769230769230769,0.8923076923076924,0.8923076923076924,1,1,1
0506tin2_03-14_crop_01.jpg,7,98,11.170383851240114,6.085625122155614,0.7857142857142857,0.826530612244898,0.7857142857142857,1,1,1
0506tin2_03-14_crop_01.jpg,8,99,11.227230955528665,6.116595424572016,0.9797979797979798,0.98989898989899,0.9797979797979798,1,1,1
0506tin2_03-19_crop_02.jpg,1,111,11.888212206450685,6.476698010074332,0.9279279279279279,0.954954954954955,0.9369369369369369,1,1,1
0506tin2_03-19_crop_02.jpg,2,68,9.304852983362556,5.06928390533592,0.0,0.0,0.0,0,0,0
0506tin2_03-21_crop_00.jpg,1,37,6.863662517577698,3.7393233395763295,0.0,0.0,0.0,0,0,0
0506tin2_03-21_crop_00.jpg,2,48,7.817640190446719,4.259050375755372,0.1875,0.3541666666666667,0.25,0,1,0
0506tin2_03-21_crop_00.jpg,3,212,16.42944866646031,8.950763633487576,0.9622641509433962,0.9669811320754716,0.9622641509433962,1,1,1
0506tin2_03-21_crop_00.jpg,4,399,22.539356209735228,12.27944126306375,0.9674185463659147,1.0,0.9799498746867168,1,1,1
0506tin2_03-21_crop_00.jpg,5,84,10.341765891652821,5.634194057772457,0.7857142857142857,0.8333333333333334,0.8214285714285714,1,1,1
0506tin2_03-21_crop_00.jpg,6,68,9.304852983362556,5.06928390533592,0.0,0.0,0.0,0,0,0
0506tin2_03-21_crop_00.jpg,7,373,21.792621462004423,11.872620172500008,0.9571045576407506,0.002680965147453083,0.002680965147453083,1,0,0
0506tin2_03-21_crop_00.jpg,8,65,9.09728368293446,4.956200150462694,0.9384615384615385,0.4461538461538462,0.4461538461538462,1,1,1
0506tin2_03-21_crop_00.jpg,9,124,12.565098628628435,6.845465732876771,0.8870967741935484,0.024193548387096774,0.0,1,0,0
0506tin2_03-21_crop_00.jpg,10,119,12.309163489997376,6.70603226935057,0.9747899159663865,0.9915966386554622,0.9831932773109243,1,1,1
0506tin2_03-21_crop_00.jpg,11,93,10.881694613449236,5.928347225407143,0.6021505376344086,0.6666666666666666,0.6451612903225806,1,1,1
0506tin2_04-01_crop_01.jpg,1,71,9.507891862878783,5.17989948689636,0.6056338028169014,0.5211267605633803,0.5070422535211268,1,1,1
0506tin2_04-03_crop_00.jpg,1,60,8.740387444736633,4.761763079892518,0.75,0.75,0.75,1,1,1
0506tin2_04-03_crop_00.jpg,2,107,11.67204486311899,6.358930041427225,0.8691588785046729,0.8878504672897196,0.8691588785046729,1,1,1
0506tin2_04-03_crop_00.jpg,3,62,8.884866446580956,4.840475240097304,0.9516129032258065,0.9838709677419355,0.967741935483871,1,1,1
0506tin2_04-03_crop_00.jpg,4,48,7.817640190446719,4.259050375755372,0.5416666666666666,0.6666666666666666,0.6041666666666666,1,1,1
0506tin2_04-03_crop_00.jpg,5,57,8.51907589177983,4.64119254584165,0.7368421052631579,0.7719298245614035,0.7368421052631579,1,1,1
0506tin2_04-10_crop_02.jpg,1,90,10.704744696916627,5.831944910880178,0.9666666666666667,0.9888888888888889,0.9777777777777777,1,1,1
0506tin2_04-10_crop_02.jpg,2,117,12.205286835384658,6.649440267917561,0.9401709401709402,0.9658119658119658,0.9487179487179487,1,1,1
0506tin2_04-10_crop_02.jpg,3,68,9.304852983362556,5.06928390533592,0.8823529411764706,0.8970588235294118,0.8676470588235294,1,1,1
0506tin2_04-20_crop_02.jpg,1,83,10.280023453913834,5.6005567776922565,0.891566265060241,0.9036144578313253,0.891566265060241,1,1,1
0506tin2_04-20_crop_02.jpg,2,73,9.640875829802336,5.252349152076312,0.9452054794520548,0.958904109589041,0.958904109589041,1,1,1
0506tin2_05-01_crop_02.jpg,1,89,10.645107772184812,5.799454714286285,0.9438202247191011,0.9775280898876404,0.9662921348314607,1,1,1
0506tin2_05-01_crop_02.jpg,2,91,10.764051215546116,5.8642551022295235,0.8681318681318682,0.9010989010989011,0.8681318681318682,1,1,1
0506tin2_05-06_crop_03.jpg,1,222,16.812470934731934,9.159434165241956,0.918918918918919,0.9324324324324325,0.9234234234234234,1,1,1
0506tin2_05-09_crop_00.jpg,1,212,16.42944866646031,8.950763633487576,0.8773584905660378,0.8962264150943396,0.8773584905660378,1,1,1
0506tin2_05-09_crop_00.jpg,2,145,13.58748446131949,7.402461534526857,0.696551724137931,0.7517241379310344,0.7310344827586207,1,1,1
0506tin2_05-09_crop_00.jpg,3,238,17.407785949022028,9.4837617850272,0.9201680672268907,0.957983193277311,0.9411764705882353,1,1,1
0506tin2_05-09_crop_00.jpg,4,60,8.740387444736633,4.761763079892518,0.7833333333333333,0.7833333333333333,0.7833333333333333,1,1,1
0506tin2_05-09_crop_00.jpg,5,196,15.797308339337176,8.606373583270893,0.9183673469387755,0.9132653061224489,0.9081632653061225,1,1,1
0506tin2_05-09_crop_00.jpg,6,110,11.834540545406394,6.447457689137403,0.8636363636363636,0.8909090909090909,0.8909090909090909,1,1,1
0506tin2_05-14_crop_00.jpg,1,80,10.092530088080641,5.498410391986333,0.875,0.85,0.85,1,1,1
0506tin2_05-14_crop_00.jpg,2,418,23.06976657227589,12.568408828575903,0.9114832535885168,0.9330143540669856,0.9210526315789473,1,1,1
0506tin2_05-14_crop_00.jpg,3,84,10.341765891652821,5.634194057772457,0.8809523809523809,0.9047619047619048,0.8809523809523809,1,1,1
0506tin2_05-14_crop_00.jpg,4,274,18.677998695187732,10.175773689138275,0.9781021897810219,0.9890510948905109,0.9854014598540146,1,1,1
0506tin2_05-14_crop_00.jpg,5,204,16.11647812414279,8.780257282032991,0.8872549019607843,0.9019607843137255,0.8872549019607843,1,1,1
0506tin2_05-14_crop_00.jpg,6,249,17.805522925178455,9.70044888963722,0.8192771084337349,0.8473895582329317,0.8192771084337349,1,1,1
0506tin2_05-14_crop_00.jpg,7,117,12.205286835384658,6.649440267917561,0.9487179487179487,0.9487179487179487,0.9487179487179487,1,1,1
0506tin2_05-14_crop_00.jpg,8,233,17.22396045987371,9.383613658539195,0.9055793991416309,0.944206008583691,0.9313304721030042,1,1,1
0506tin2_05-14_crop_00.jpg,9,154,14.002817212590296,7.6287348174191925,0.8441558441558441,0.8181818181818182,0.8181818181818182,1,1,1
0506tin2_05-14_crop_00.jpg,10,154,14.002817212590296,7.6287348174191925,0.9285714285714286,0.935064935064935,0.9285714285714286,1,1,1
0506tin2_05-14_crop_00.jpg,11,367,21.616635097022034,11.776742800857603,0.9182561307901907,0.9782016348773842,0.9318801089918256,1,1,1
0506tin2_05-14_crop_00.jpg,12,133,13.013103375051497,7.089538718728055,0.9473684210526315,0.9774436090225563,0.9624060150375939,1,1,1
0506tin2_05-18_crop_00.jpg,1,56,8.444016491289505,4.600300184454522,0.6785714285714286,0.5535714285714286,0.5535714285714286,1,1,1
0506tin2_05-18_crop_00.jpg,2,178,15.054455784347004,8.201667511312246,0.9719101123595506,0.9438202247191011,0.9438202247191011,1,1,1
0506tin2_05-18_crop_00.jpg,3,27,5.863230142835039,3.194287781816529,1.0,0.0,0.0,1,0,0
0506tin2_05-18_crop_00.jpg,4,21,5.170882945826411,2.8170970288862285,0.0,0.0,0.0,0,0,0
0506tin2_05-18_crop_00.jpg,5,57,8.51907589177983,4.64119254584165,0.0,0.0,0.0,0,0,0
0506tin2_05-18_crop_00.jpg,6,61,8.812923024107548,4.801280463533791,0.5245901639344263,0.6229508196721312,0.5245901639344263,1,1,1
0506tin2_05-18_crop_00.jpg,7,285,19.04923279949934,10.378022029167239,0.9298245614035088,0.9438596491228071,0.9333333333333333,1,1,1
0506tin2_05-18_crop_01.jpg,1,313,19.963065333312567,10.875877993588686,0.9361022364217252,0.9424920127795527,0.939297124600639,1,1,1
0506tin2_05-18_crop_01.jpg,2,87,10.524820207108489,5.733922048832704,0.9195402298850575,0.9425287356321839,0.9195402298850575,1,1,1
0506tin2_05-18_crop_01.jpg,3,118,12.257335203001883,6.677796218595425,0.8728813559322034,0.8813559322033898,0.8728813559322034,1,1,1
0506tin2_05-18_crop_01.jpg,4,254,17.983404693292407,9.797358876905703,0.968503937007874,0.9763779527559056,0.9724409448818898,1,1,1
0506tin2_05-19_crop_00.jpg,1,66,9.166995688475081,4.994179251081224,0.0,0.0,0.0,0,0,0
0506tin2_05-19_crop_00.jpg,2,79,10.02925341359355,5.463937259725765,0.9240506329113924,0.9620253164556962,0.9493670886075949,1,1,1
0506tin2_05-19_crop_00.jpg,3,47,7.735777827895049,4.214451760637222,1.0,1.0,1.0,1,1,1
0506tin2_05-19_crop_00.jpg,4,34,6.579524642479541,3.5845250252228533,0.8235294117647058,0.8529411764705882,0.8529411764705882,1,1,1
0506tin2_05-19_crop_00.jpg,5,33,6.4820448144285745,3.531418014900687,0.0,0.0,0.0,0,0,0
0506tin2_05-19_crop_00.jpg,6,39,7.046725639945928,3.839056128642541,0.0,0.0,0.0,0,0,0
0506tin2_05-19_crop_00.jpg,7,125,12.6156626101008,6.873012989982915,0.904,0.912,0.904,1,1,1
0506tin2_05-19_crop_01.jpg,1,31,6.282549314314218,3.4227328664383854,0.7096774193548387,0.0,0.0,1,0,0
0506tin2_05-19_crop_01.jpg,2,70,9.440697438826296,5.143291964672565,0.9857142857142858,0.8142857142857143,0.8142857142857143,1,1,1
0506tin2_06-06_crop_00.jpg,1,148,13.727325035155395,7.478646679152659,0.30405405405405406,0.3108108108108108,0.30405405405405406,1,1,1
0506tin2_06-06_crop_00.jpg,2,106,11.617374563210365,6.329145662037006,0.9528301886792453,0.9905660377358491,0.9716981132075472,1,1,1
0506tin2_06-06_crop_00.jpg,3,196,15.797308339337176,8.606373583270893,0.8163265306122449,0.8418367346938775,0.8163265306122449,1,1,1
0506tin2_06-06_crop_00.jpg,4,64,9.0270333367641,4.917927761869081,0.296875,0.40625,0.34375,0,1,1
0506tin2_06-06_crop_00.jpg,5,141,13.398760233979036,7.2996445754717785,0.8297872340425532,0.900709219858156,0.8368794326241135,1,1,1
0506tin2_06-06_crop_00.jpg,6,149,13.773623058786647,7.5038698424269645,0.9395973154362416,0.0,0.0,1,0,0
0506tin2_06-06_crop_00.jpg,7,102,11.396070970426017,6.208579464688094,0.0,0.0,0.0,0,0,0
0506tin2_06-06_crop_00.jpg,8,89,10.645107772184812,5.799454714286285,0.9325842696629213,0.0,0.0,1,0,0
0506tin2_06-08_crop_00.jpg,1,79,10.02925341359355,5.463937259725765,0.8227848101265823,0.8734177215189873,0.8607594936708861,1,1,1
0506tin2_06-08_crop_00.jpg,2,139,13.303394180365686,7.247689149463225,0.9136690647482014,0.920863309352518,0.920863309352518,1,1,1
0506tin2_06-08_crop_00.jpg,3,125,12.6156626101008,6.873012989982915,0.896,0.952,0.896,1,1,1
0506tin2_06-08_crop_00.jpg,4,45,7.569397566060481,4.12380779398975,1.0,0.0,0.0,1,0,0
0506tin2_06-08_crop_00.jpg,5,51,8.058239062071396,4.390128641016496,1.0,0.0,0.0,1,0,0
0506tin2_06-08_crop_00.jpg,6,230,17.112717355495807,9.323008415274115,0.8869565217391304,0.9217391304347826,0.8956521739130435,1,1,1
0506tin2_06-08_crop_00.jpg,7,183,15.26443044094783,8.316061704228376,0.8360655737704918,0.8360655737704918,0.8306010928961749,1,1,1
0506tin2_06-08_crop_00.jpg,8,325,20.342144725641095,11.082400446529267,0.8738461538461538,0.8830769230769231,0.8707692307692307,1,1,1
0506tin2_06-13_crop_02.jpg,1,51,8.058239062071396,4.390128641016496,0.45098039215686275,0.9019607843137255,0.6862745098039216,1,1,1
0506tin2_06-13_crop_02.jpg,2,69,9.373021315815206,5.106422012856124,0.8985507246376812,0.8695652173913043,0.855072463768116,1,1,1
0506tin2_06-13_crop_02.jpg,3,40,7.136496464611085,3.8879632739201186,0.025,0.025,0.0,0,0,0
0506tin2_06-13_crop_02.jpg,4,99,11.227230955528665,6.116595424572016,0.9494949494949495,0.9494949494949495,0.9494949494949495,1,1,1
0506tin2_06-13_crop_02.jpg,5,55,8.368283871884005,4.559041053402406,0.0,0.0,0.0,0,0,0
0506tin2_06-13_crop_02.jpg,6,117,12.205286835384658,6.649440267917561,0.8803418803418803,0.905982905982906,0.8974358974358975,1,1,1
0506tin2_06-18_crop_00.jpg,1,77,9.901487006738307,5.394330121271029,0.948051948051948,0.961038961038961,0.948051948051948,1,1,1
0506tin2_06-18_crop_00.jpg,2,383,22.082815618339236,12.030717948871215,0.9033942558746736,0.9425587467362925,0.9138381201044387,1,1,1
0506tin2_06-18_crop_00.jpg,3,123,12.514330345744634,6.817807172361676,0.9349593495934959,0.943089430894309,0.9349593495934959,1,1,1
0506tin2_06-18_crop_00.jpg,4,53,8.214724333230155,4.475381816743788,0.0,0.0,0.0,0,0,0
0506tin2_06-18_crop_00.jpg,5,48,7.817640190446719,4.259050375755372,0.0,0.0,0.0,0,0,0
0506tin2_06-18_crop_00.jpg,6,77,9.901487006738307,5.394330121271029,0.9090909090909091,0.922077922077922,0.9090909090909091,1,1,1
0506tin2_06-19_crop_00.jpg,1,55,8.368283871884005,4.559041053402406,0.0,0.0,0.0,0,0,0
0506tin2_06-19_crop_00.jpg,2,100,11.283791670955125,6.147409702336351,0.9,0.8,0.8,1,1,1
0506tin2_06-19_crop_00.jpg,3,72,9.574614729634384,5.2162501047048115,0.6944444444444444,0.7222222222222222,0.6805555555555556,1,1,1
0506tin2_06-19_crop_00.jpg,4,67,9.23618154310838,5.031871704685445,0.8208955223880597,0.8507462686567164,0.835820895522388,1,1,1
0506tin2_06-19_crop_00.jpg,5,60,8.740387444736633,4.761763079892518,0.9833333333333333,0.9666666666666667,0.95,1,1,1
0506tin2_06-19_crop_00.jpg,6,398,22.511093682995384,12.264043838495883,0.914572864321608,0.871859296482412,0.8618090452261307,1,1,1
0506tin2_06-19_crop_00.jpg,7,29,6.076507779746499,3.3104814384058923,0.0,0.0,0.0,0,0,0
0506tin2_06-19_crop_00.jpg,8,46,7.653039857325812,4.169376114271102,0.0,0.0,0.0,0,0,0
0506tin2_06-19_crop_00.jpg,9,80,10.092530088080641,5.498410391986333,0.925,0.925,0.925,1,1,1
0506tin2_06-19_crop_00.jpg,10,48,7.817640190446719,4.259050375755372,0.0,0.0,0.0,0,0,0
0506tin2_06-19_crop_00.jpg,11,60,8.740387444736633,4.761763079892518,0.0,0.0,0.0,0,0,0
0506tin2_06-19_crop_00.jpg,12,25,5.641895835477563,3.0737048511681757,0.88,0.0,0.0,1,0,0
0506tin2_06-19_crop_00.jpg,13,43,7.399277020331919,4.031126120676829,1.0,0.0,0.0,1,0,0
0506tin2_07-05_crop_02.jpg,1,64,9.0270333367641,4.917927761869081,0.96875,0.9375,0.9375,1,1,1
0506tin2_07-09_crop_00.jpg,1,72,9.574614729634384,5.2162501047048115,0.9166666666666666,0.9166666666666666,0.9166666666666666,1,1,1
0506tin2_07-09_crop_00.jpg,2,27,5.863230142835039,3.194287781816529,0.2222222222222222,0.18518518518518517,0.18518518518518517,0,0,0
0506tin2_07-09_crop_00.jpg,3,42,7.312732791431452,3.983976824771855,0.9047619047619048,0.9047619047619048,0.9047619047619048,1,1,1
0506tin2_07-09_crop_00.jpg,4,50,7.978845608028654,4.34687508725401,0.48,0.74,0.58,1,1,1
0506tin2_07-11_crop_01.jpg,1,168,14.625465582862905,7.96795364954371,0.7916666666666666,0.8095238095238095,0.8035714285714286,1,1,1
0506tin2_07-11_crop_01.jpg,2,136,13.159049284959082,7.169050050445707,0.9338235294117647,0.9558823529411765,0.9338235294117647,1,1,1
0506tin2_07-11_crop_01.jpg,3,159,14.228319915326999,7.7515886898701485,0.9119496855345912,0.9433962264150944,0.9182389937106918,1,1,1
0506tin2_07-11_crop_01.jpg,4,251,17.876888032555495,9.739328600136233,0.23904382470119523,0.6414342629482072,0.4900398406374502,0,1,1
0506tin2_07-16_crop_01.jpg,1,73,9.640875829802336,5.252349152076312,0.7808219178082192,0.821917808219178,0.7945205479452054,1,1,1
0506tin2_07-16_crop_01.jpg,2,62,8.884866446580956,4.840475240097304,0.0,0.06451612903225806,0.0,0,0,0
0506tin2_07-16_crop_01.jpg,3,96,11.055812783082736,6.023206804223474,0.8958333333333334,0.9166666666666666,0.90625,1,1,1
0506tin2_07-16_crop_01.jpg,4,121,12.412170838050638,6.762150672569987,0.9338842975206612,0.9421487603305785,0.9338842975206612,1,1,1
0506tin2_08-08_crop_02.jpg,1,133,13.013103375051497,7.089538718728055,0.6917293233082706,0.6917293233082706,0.6917293233082706,1,1,1
0506tin2_08-11_crop_01.jpg,1,71,9.507891862878783,5.17989948689636,0.0,0.0,0.0,0,0,0
0506tin2_08-12_crop_00.jpg,1,63,8.95623198216277,4.879355183882277,0.0,0.0,0.0,0,0,0
0506tin2_08-12_crop_00.jpg,2,71,9.507891862878783,5.17989948689636,0.5774647887323944,0.5633802816901409,0.5633802816901409,1,1,1
0506tin2_08-12_crop_00.jpg,3,55,8.368283871884005,4.559041053402406,0.0,0.0,0.0,0,0,0
0506tin2_08-12_crop_00.jpg,4,52,8.136857890256438,4.432960178611707,0.0,0.0,0.0,0,0,0
0506tin2_08-12_crop_00.jpg,5,72,9.574614729634384,5.2162501047048115,0.0,0.1527777777777778,0.0,0,0,0
0506tin2_08-12_crop_00.jpg,6,115,12.100518486599809,6.592362471499575,0.8260869565217391,0.8434782608695652,0.8347826086956521,1,1,1
0506tin2_08-12_crop_00.jpg,7,73,9.640875829802336,5.252349152076312,0.0,0.0,0.0,0,0,0
0506tin2_08-12_crop_00.jpg,8,74,9.706684619910241,5.288201780927099,0.0,0.0,0.0,0,0,0
0506tin2_08-15_crop_00.jpg,1,264,18.333991376950163,9.988358502162448,0.7462121212121212,0.821969696969697,0.7840909090909091,1,1,1
0506tin2_08-15_crop_00.jpg,2,176,14.96964127403822,8.155460566096021,0.7272727272727273,0.7386363636363636,0.7329545454545454,1,1,1
0506tin2_08-15_crop_00.jpg,3,65,9.09728368293446,4.956200150462694,0.23076923076923078,0.26153846153846155,0.2,0,0,0
0506tin2_08-15_crop_00.jpg,4,152,13.911592676604096,7.579035690213911,0.881578947368421,0.8947368421052632,0.881578947368421,1,1,1
0506tin2_08-15_crop_00.jpg,5,101,11.340070282773887,6.178070290055213,0.5247524752475248,0.5346534653465347,0.5148514851485149,1,1,1
0506tin2_08-15_crop_00.jpg,6,74,9.706684619910241,5.288201780927099,0.0,0.13513513513513514,0.0,0,0,0
0506tin2_08-15_crop_00.jpg,7,66,9.166995688475081,4.994179251081224,0.6060606060606061,0.6666666666666666,0.6060606060606061,1,1,1
0506tin2_08-15_crop_00.jpg,8,85,10.403141895720198,5.667631704788364,0.6941176470588235,0.7176470588235294,0.7058823529411765,1,1,1
0506tin2_08-16_crop_01.jpg,1,129,12.815923738491737,6.982115252730297,0.0,0.0,0.0,0,0,0
0506tin2_08-16_crop_01.jpg,2,109,11.780624362746345,6.418084152824208,0.0,0.0,0.0,0,0,0
0506tin2_08-16_crop_01.jpg,3,95,10.998079684646791,5.991753812195571,0.0,0.0,0.0,0,0,0
0506tin2_08-16_crop_01.jpg,4,740,30.695231927842155,16.722762354288406,0.6743243243243243,0.6878378378378378,0.6783783783783783,1,1,1
0506tin2_08-18_crop_01.jpg,1,166,14.538148590038452,7.920383351852948,0.6686746987951807,0.7168674698795181,0.6927710843373494,1,1,1
0506tin2_09-03_crop_01.jpg,1,102,11.396070970426017,6.208579464688094,0.0,0.0,0.0,0,0,0
0506tin2_09-11_crop_00.jpg,1,209,16.312788383647018,8.887207111410895,0.6889952153110048,0.722488038277512,0.6985645933014354,1,1,1
0506tin2_09-11_crop_00.jpg,2,255,18.01877032173579,9.816626071281657,0.7098039215686275,0.6980392156862745,0.6901960784313725,1,1,1
0506tin2_09-11_crop_00.jpg,3,75,9.772050238058398,5.323812969694215,0.64,0.6266666666666667,0.6133333333333333,1,1,1
0506tin2_09-11_crop_00.jpg,4,250,17.841241161527712,9.719908184800296,0.664,0.696,0.672,1,1,1
0506tin2_09-11_crop_00.jpg,5,75,9.772050238058398,5.323812969694215,0.8266666666666667,0.8266666666666667,0.8266666666666667,1,1,1
0506tin2_09-11_crop_00.jpg,6,165,14.494292838262302,7.896490738285301,0.7636363636363637,0.7696969696969697,0.7575757575757576,1,1,1
0506tin2_09-11_crop_00.jpg,7,21,5.170882945826411,2.8170970288862285,0.0,0.0,0.0,0,0,0
0506tin2_09-11_crop_00.jpg,8,215,16.545286401814263,9.01387203170841,0.7813953488372093,0.7953488372093023,0.786046511627907,1,1,1
0506tin2_09-11_crop_00.jpg,9,114,12.047792665040703,6.563637443914175,0.7631578947368421,0.7894736842105263,0.7631578947368421,1,1,1
0506tin2_09-11_crop_00.jpg,10,145,13.58748446131949,7.402461534526857,0.7310344827586207,0.7724137931034483,0.7379310344827587,1,1,1
0506tin2_09-11_crop_00.jpg,11,306,19.738573927438622,10.75357507566856,0.8398692810457516,0.8856209150326797,0.8562091503267973,1,1,1
0506tin2_09-13_crop_01.jpg,1,259,18.159544104586082,9.893319628178498,0.6138996138996139,0.6486486486486487,0.6254826254826255,1,1,1
0506tin2_09-13_crop_01.jpg,2,209,16.312788383647018,8.887207111410895,0.41626794258373206,0.2631578947368421,0.215311004784689,1,0,0
0506tin2_09-13_crop_01.jpg,3,208,16.273715780512877,8.865920357223414,0.6346153846153846,0.6346153846153846,0.6153846153846154,1,1,1
0506tin2_09-13_crop_01.jpg,4,289,19.182445840623714,10.450596493971798,0.615916955017301,0.643598615916955,0.6228373702422145,1,1,1
0506tin2_09-14_crop_00.jpg,1,124,12.565098628628435,6.845465732876771,0.6935483870967742,0.6854838709677419,0.6854838709677419,1,1,1
0506tin2_09-14_crop_00.jpg,2,241,17.517155313611116,9.543346214855335,0.7966804979253111,0.8257261410788381,0.8049792531120332,1,1,1
0506tin2_09-14_crop_00.jpg,3,44,7.48482063701911,4.077730283048011,0.0,0.0,0.0,0,0,0
0506tin2_09-14_crop_00.jpg,4,28,5.970821321441846,3.2529034559215178,0.0,0.0,0.0,0,0,0
0506tin2_09-14_crop_00.jpg,5,39,7.046725639945928,3.839056128642541,0.0,0.0,0.0,0,0,0
0506tin2_09-14_crop_02.jpg,1,140,13.351162356249091,7.273713251684504,0.0,0.0,0.0,0,0,0
0506tin2_10-01_crop_00.jpg,1,273,18.643883600599406,10.157187785606554,0.9010989010989011,0.9267399267399268,0.9120879120879121,1,1,1
0506tin2_10-01_crop_00.jpg,2,176,14.96964127403822,8.155460566096021,0.8409090909090909,0.8409090909090909,0.8409090909090909,1,1,1
0506tin2_10-01_crop_00.jpg,3,69,9.373021315815206,5.106422012856124,0.9420289855072463,0.9565217391304348,0.9420289855072463,1,1,1
0506tin2_10-01_crop_00.jpg,4,72,9.574614729634384,5.2162501047048115,0.6944444444444444,0.6805555555555556,0.6805555555555556,1,1,1
0506tin2_10-01_crop_00.jpg,5,84,10.341765891652821,5.634194057772457,0.6547619047619048,0.6309523809523809,0.5952380952380952,1,1,1
0506tin2_10-01_crop_00.jpg,6,65,9.09728368293446,4.956200150462694,0.0,0.0,0.0,0,0,0
0506tin2_10-01_crop_00.jpg,7,104,11.507254783503184,6.269152406052534,0.0,0.0,0.0,0,0,0
0506tin2_10-01_crop_00.jpg,8,51,8.058239062071396,4.390128641016496,0.49019607843137253,0.6862745098039216,0.6274509803921569,1,1,1
0506tin2_10-01_crop_00.jpg,9,60,8.740387444736633,4.761763079892518,0.23333333333333334,0.5666666666666667,0.36666666666666664,0,1,1
0506tin2_10-01_crop_00.jpg,10,186,15.389040103942165,8.38394904862769,0.8172043010752689,0.8225806451612904,0.8225806451612904,1,1,1
0506tin2_10-01_crop_00.jpg,11,177,15.012108426804138,8.178596670922893,0.847457627118644,0.8587570621468926,0.8531073446327684,1,1,1
0506tin2_10-01_crop_00.jpg,12,179,15.09668435477122,8.224673636479361,0.7821229050279329,0.8659217877094972,0.8268156424581006,1,1,1
0506tin2_10-01_crop_00.jpg,13,129,12.815923738491737,6.982115252730297,0.813953488372093,0.9069767441860465,0.8527131782945736,1,1,1
0506tin2_10-01_crop_00.jpg,14,115,12.100518486599809,6.592362471499575,0.6956521739130435,0.8,0.7478260869565218,1,1,1
0506tin2_10-01_crop_00.jpg,15,261,18.229523339239496,9.931444315217677,0.9080459770114943,0.9118773946360154,0.896551724137931,1,1,1
0506tin2_10-01_crop_00.jpg,16,111,11.888212206450685,6.476698010074332,0.972972972972973,0.46846846846846846,0.46846846846846846,1,1,1
0506tin2_10-01_crop_00.jpg,17,72,9.574614729634384,5.2162501047048115,0.5833333333333334,0.5833333333333334,0.5833333333333334,1,1,1
0506tin2_10-01_crop_00.jpg,18,102,11.396070970426017,6.208579464688094,0.9019607843137255,0.9215686274509803,0.9019607843137255,1,1,1
0506tin2_10-01_crop_00.jpg,19,102,11.396070970426017,6.208579464688094,0.7647058823529411,0.0,0.0,1,0,0
0506tin2_10-01_crop_00.jpg,20,69,9.373021315815206,5.106422012856124,0.15942028985507245,0.30434782608695654,0.2028985507246377,0,1,0
0506tin2_10-01_crop_00.jpg,21,238,17.407785949022028,9.4837617850272,0.7563025210084033,0.7941176470588235,0.7605042016806722,1,1,1
0506tin2_10-01_crop_00.jpg,22,65,9.09728368293446,4.956200150462694,0.0,0.0,0.0,0,0,0
0506tin2_10-07_crop_01.jpg,1,163,14.406180819073164,7.848487310231059,0.950920245398773,0.9938650306748467,0.9693251533742331,1,1,1
0506tin2_10-07_crop_01.jpg,2,221,16.774562271083887,9.1387815252865,0.9502262443438914,0.9638009049773756,0.9502262443438914,1,1,1
0506tin2_10-07_crop_01.jpg,3,69,9.373021315815206,5.106422012856124,0.9710144927536232,0.9855072463768116,0.9855072463768116,1,1,1
0506tin2_10-07_crop_01.jpg,4,48,7.817640190446719,4.259050375755372,0.0,0.0,0.0,0,0,0
0506tin2_10-07_crop_01.jpg,5,78,9.965574970333758,5.429245243837831,0.41025641025641024,0.47435897435897434,0.4358974358974359,1,1,1
0506tin2_10-07_crop_01.jpg,6,120,12.360774464742066,6.734149928391477,0.9083333333333333,0.8583333333333333,0.8583333333333333,1,1,1
0506tin2_10-07_crop_01.jpg,7,50,7.978845608028654,4.34687508725401,0.88,0.84,0.84,1,1,1
0506tin2_10-07_crop_01.jpg,8,38,6.955796338302048,3.7895178451069556,0.0,0.0,0.0,0,0,0
0506tin2_10-07_crop_01.jpg,9,37,6.863662517577698,3.7393233395763295,0.0,0.0,0.0,0,0,0
0506tin2_10-07_crop_01.jpg,10,37,6.863662517577698,3.7393233395763295,0.0,0.0,0.0,0,0,0
0506tin2_10-08_crop_01.jpg,1,122,12.463355264843006,6.790035948286469,0.9836065573770492,0.9918032786885246,0.9918032786885246,1,1,1
0506tin2_10-08_crop_01.jpg,2,156,14.093451279891855,7.678112257285082,0.8846153846153846,0.9038461538461539,0.8910256410256411,1,1,1
0506tin2_10-08_crop_01.jpg,3,62,8.884866446580956,4.840475240097304,0.967741935483871,0.9838709677419355,0.967741935483871,1,1,1
0506tin2_10-08_crop_01.jpg,4,59,8.667244841319219,4.72191498955071,0.711864406779661,0.7627118644067796,0.7457627118644068,1,1,1
0506tin2_10-08_crop_01.jpg,5,36,6.770275002573076,3.688445821401811,0.8888888888888888,0.8888888888888888,0.8611111111111112,1,1,1
0506tin2_10-08_crop_01.jpg,6,65,9.09728368293446,4.956200150462694,1.0,0.0,0.0,1,0,0
0506tin2_10-08_crop_01.jpg,7,119,12.309163489997376,6.70603226935057,0.8487394957983193,0.8823529411764706,0.8571428571428571,1,1,1
0506tin2_10-08_crop_01.jpg,8,46,7.653039857325812,4.169376114271102,0.0,0.0,0.0,0,0,0
0506tin2_10-08_crop_01.jpg,9,114,12.047792665040703,6.563637443914175,0.9298245614035088,0.9298245614035088,0.9210526315789473,1,1,1
0506tin2_10-08_crop_01.jpg,10,53,8.214724333230155,4.475381816743788,0.9245283018867925,0.9433962264150944,0.9245283018867925,1,1,1
0506tin2_10-08_crop_01.jpg,11,57,8.51907589177983,4.64119254584165,0.43859649122807015,0.0,0.0,1,0,0
0506tin2_10-10_crop_03.jpg,1,74,9.706684619910241,5.288201780927099,0.9459459459459459,0.972972972972973,0.9459459459459459,1,1,1
0506tin2_10-10_crop_03.jpg,2,45,7.569397566060481,4.12380779398975,0.7333333333333333,0.7555555555555555,0.7333333333333333,1,1,1
0506tin2_10-10_crop_03.jpg,3,65,9.09728368293446,4.956200150462694,0.9846153846153847,1.0,0.9846153846153847,1,1,1
0506tin2_10-10_crop_03.jpg,4,51,8.058239062071396,4.390128641016496,0.7254901960784313,0.803921568627451,0.7450980392156863,1,1,1
0506tin2_10-14_crop_01.jpg,1,102,11.396070970426017,6.208579464688094,0.9705882352941176,0.9607843137254902,0.9607843137254902,1,1,1
0506tin2_10-16_crop_01.jpg,1,233,17.22396045987371,9.383613658539195,0.8626609442060086,0.8583690987124464,0.8497854077253219,1,1,1
0506tin2_10-16_crop_01.jpg,2,203,16.07692842495848,8.75871060591738,0.8472906403940886,0.8719211822660099,0.8374384236453202,1,1,1
0506tin2_10-16_crop_01.jpg,3,111,11.888212206450685,6.476698010074332,0.8648648648648649,0.9009009009009009,0.8648648648648649,1,1,1
0506tin2_10-21_crop_02.jpg,1,122,12.463355264843006,6.790035948286469,0.9836065573770492,0.9918032786885246,0.9754098360655737,1,1,1
0506tin2_10-21_crop_02.jpg,2,102,11.396070970426017,6.208579464688094,0.9803921568627451,0.9901960784313726,0.9901960784313726,1,1,1
0506tin2_11-03_crop_01.jpg,1,76,9.83698151873187,5.359187531405122,1.0,1.0,1.0,1,1,1
0506tin2_11-03_crop_01.jpg,2,129,12.815923738491737,6.982115252730297,0.8992248062015504,0.7286821705426356,0.7131782945736435,1,1,1
0506tin2_11-03_crop_01.jpg,3,84,10.341765891652821,5.634194057772457,0.42857142857142855,0.39285714285714285,0.39285714285714285,1,1,1
0506tin2_11-03_crop_01.jpg,4,313,19.963065333312567,10.875877993588686,0.8306709265175719,0.865814696485623,0.8434504792332268,1,1,1
0506tin2_11-07_crop_01.jpg,1,154,14.002817212590296,7.6287348174191925,0.935064935064935,0.9415584415584416,0.935064935064935,1,1,1
0506tin2_11-07_crop_01.jpg,2,142,13.446189622059965,7.325484106098268,1.0,0.6901408450704225,0.6901408450704225,1,1,1
0506tin2_11-07_crop_01.jpg,3,61,8.812923024107548,4.801280463533791,0.9508196721311475,0.9508196721311475,0.9180327868852459,1,1,1
0506tin2_11-19_crop_00.jpg,1,46,7.653039857325812,4.169376114271102,0.0,0.0,0.0,0,0,0
0506tin2_11-19_crop_00.jpg,2,61,8.812923024107548,4.801280463533791,0.8852459016393442,0.9016393442622951,0.9016393442622951,1,1,1
0506tin2_11-19_crop_00.jpg,3,241,17.517155313611116,9.543346214855335,0.7468879668049793,0.7717842323651453,0.7593360995850622,1,1,1
0506tin2_11-21_crop_01.jpg,1,513,25.557227675339483,13.92357763752495,0.8908382066276803,0.9005847953216374,0.8908382066276803,1,1,1
0506tin2_11-21_crop_01.jpg,2,104,11.507254783503184,6.269152406052534,0.9230769230769231,0.9423076923076923,0.9326923076923077,1,1,1
0506tin2_11-21_crop_01.jpg,3,97,11.11324596323283,6.054496400769245,0.4329896907216495,0.5051546391752577,0.4639175257731959,1,1,1
0506tin2_11-21_crop_01.jpg,4,86,10.464157913908982,5.700873231497613,0.8372093023255814,0.0,0.0,1,0,0
0506tin2_11-21_crop_01.jpg,5,62,8.884866446580956,4.840475240097304,0.8870967741935484,0.0,0.0,1,0,0
0506tin2_11-21_crop_01.jpg,6,84,10.341765891652821,5.634194057772457,1.0,0.0,0.0,1,0,0
0506tin2_11-21_crop_01.jpg,7,81,10.155412503859614,5.532668732102717,1.0,0.0,0.0,1,0,0
0506tin2_11-21_crop_01.jpg,8,81,10.155412503859614,5.532668732102717,0.5555555555555556,0.6049382716049383,0.5925925925925926,1,1,1
0506tin2_12-06_crop_00.jpg,1,119,12.309163489997376,6.70603226935057,0.8907563025210085,0.8991596638655462,0.8907563025210085,1,1,1
0506tin2_12-06_crop_00.jpg,2,49,7.898654169668588,4.303186791635446,0.3469387755102041,0.3469387755102041,0.32653061224489793,1,1,1
0506tin2_12-06_crop_00.jpg,3,22,5.292567428401227,2.8833907349929886,0.0,0.0,0.0,0,0,0
0506tin2_12-06_crop_00.jpg,4,156,14.093451279891855,7.678112257285082,0.9294871794871795,0.9423076923076923,0.9358974358974359,1,1,1
0506tin2_12-06_crop_00.jpg,5,40,7.136496464611085,3.8879632739201186,0.175,0.275,0.225,0,0,0
0506tin2_12-06_crop_00.jpg,6,132,12.964089628857149,7.062836029801374,0.9393939393939394,0.9696969696969697,0.9545454545454546,1,1,1
0506tin2_12-06_crop_00.jpg,7,58,8.593479713983122,4.681727748178004,0.8448275862068966,0.896551724137931,0.8275862068965517,1,1,1
0506tin2_12-06_crop_00.jpg,8,100,11.283791670955125,6.147409702336351,0.98,0.0,0.0,1,0,0
0506tin2_12-06_crop_00.jpg,9,59,8.667244841319219,4.72191498955071,0.9322033898305084,0.9322033898305084,0.9322033898305084,1,1,1
0506tin2_12-06_crop_00.jpg,10,34,6.579524642479541,3.5845250252228533,0.5,0.0,0.0,1,0,0
0506tin2_12-06_crop_00.jpg,11,55,8.368283871884005,4.559041053402406,0.9818181818181818,0.0,0.0,1,0,0
0506tin2_12-06_crop_00.jpg,12,57,8.51907589177983,4.64119254584165,0.9649122807017544,0.9649122807017544,0.9649122807017544,1,1,1
0506tin2_12-07_crop_00.jpg,1,83,10.280023453913834,5.6005567776922565,0.9759036144578314,0.927710843373494,0.9156626506024096,1,1,1
0506tin2_12-07_crop_00.jpg,2,51,8.058239062071396,4.390128641016496,0.9215686274509803,0.9411764705882353,0.9019607843137255,1,1,1
0506tin2_12-07_crop_00.jpg,3,119,12.309163489997376,6.70603226935057,0.2857142857142857,0.0,0.0,0,0,0
0506tin2_12-07_crop_00.jpg,4,75,9.772050238058398,5.323812969694215,0.8266666666666667,0.8533333333333334,0.8266666666666667,1,1,1
0506tin2_12-07_crop_00.jpg,5,128,12.766152972845846,6.955000139606416,0.8125,0.765625,0.765625,1,1,1
0506tin2_12-07_crop_00.jpg,6,71,9.507891862878783,5.17989948689636,0.8873239436619719,0.8732394366197183,0.8591549295774648,1,1,1
0506tin2_12-07_crop_02.jpg,1,100,11.283791670955125,6.147409702336351,1.0,0.0,0.0,1,0,0
0506tin2_12-07_crop_02.jpg,2,129,12.815923738491737,6.982115252730297,0.9689922480620154,0.0,0.0,1,0,0
0506tin2_12-07_crop_02.jpg,3,98,11.170383851240114,6.085625122155614,0.0,0.0,0.0,0,0,0
0506tin2_12-07_crop_02.jpg,4,211,16.39065416446578,8.929628388800955,0.9715639810426541,0.985781990521327,0.981042654028436,1,1,1
0506tin2_12-07_crop_02.jpg,5,111,11.888212206450685,6.476698010074332,0.918918918918919,0.8558558558558559,0.8558558558558559,1,1,1
0506tin2_12-17_crop_00.jpg,1,92,10.823032759612019,5.896388247436628,0.8695652173913043,0.8695652173913043,0.8695652173913043,1,1,1
0506tin2_12-17_crop_00.jpg,2,183,15.26443044094783,8.316061704228376,0.825136612021858,0.819672131147541,0.8142076502732241,1,1,1
0506tin2_12-17_crop_00.jpg,3,93,10.881694613449236,5.928347225407143,0.8172043010752689,0.8064516129032258,0.7956989247311828,1,1,1
0506tin2_12-17_crop_00.jpg,4,220,16.73656774376801,9.118082106804811,0.9090909090909091,0.9272727272727272,0.9181818181818182,1,1,1
0506tin2_12-17_crop_00.jpg,5,210,16.351767622932517,8.908443000973634,0.8904761904761904,0.9142857142857143,0.9142857142857143,1,1,1
0506tin2_12-17_crop_00.jpg,6,49,7.898654169668588,4.303186791635446,0.9795918367346939,1.0,0.9795918367346939,1,1,1
0506tin2_12-17_crop_00.jpg,7,65,9.09728368293446,4.956200150462694,0.9230769230769231,0.9692307692307692,0.9230769230769231,1,1,1
0506tin2_12-17_crop_00.jpg,8,108,11.726460285670077,6.388575563633058,0.9814814814814815,0.9814814814814815,0.9814814814814815,1,1,1
0506tin2_12-17_crop_00.jpg,9,283,18.982275710779543,10.341543807232695,0.911660777385159,0.9293286219081273,0.9151943462897526,1,1,1
0506tin2_12-17_crop_00.jpg,10,110,11.834540545406394,6.447457689137403,0.9727272727272728,0.9818181818181818,0.9727272727272728,1,1,1
0506tin2_13-05_crop_02.jpg,1,62,8.884866446580956,4.840475240097304,0.7258064516129032,0.7419354838709677,0.7258064516129032,1,1,1
0506tin2_13-05_crop_02.jpg,2,46,7.653039857325812,4.169376114271102,0.45652173913043476,0.0,0.0,1,0,0
0506tin2_13-05_crop_02.jpg,3,48,7.817640190446719,4.259050375755372,0.16666666666666666,0.0,0.0,0,0,0
0506tin2_13-05_crop_02.jpg,4,61,8.812923024107548,4.801280463533791,0.9016393442622951,0.9180327868852459,0.8524590163934426,1,1,1
0506tin2_13-05_crop_02.jpg,5,29,6.076507779746499,3.3104814384058923,0.0,0.0,0.0,0,0,0
0506tin2_14-04_crop_00.jpg,1,132,12.964089628857149,7.062836029801374,0.9545454545454546,0.9393939393939394,0.9393939393939394,1,1,1
0506tin2_14-04_crop_00.jpg,2,54,8.291859587312052,4.517405103167605,0.9444444444444444,0.0,0.0,1,0,0
0506tin2_14-04_crop_00.jpg,3,61,8.812923024107548,4.801280463533791,1.0,0.3114754098360656,0.3114754098360656,1,1,1
0506tin2_14-04_crop_00.jpg,4,71,9.507891862878783,5.17989948689636,0.8028169014084507,0.8732394366197183,0.8591549295774648,1,1,1
0506tin2_14-04_crop_00.jpg,5,65,9.09728368293446,4.956200150462694,0.9846153846153847,0.0,0.0,1,0,0
0506tin2_14-04_crop_00.jpg,6,35,6.6755811781245455,3.636856625842252,0.02857142857142857,0.0,0.0,0,0,0
0506tin2_14-04_crop_00.jpg,7,96,11.055812783082736,6.023206804223474,0.8541666666666666,0.0,0.0,1,0,0
0506tin2_14-04_crop_00.jpg,8,77,9.901487006738307,5.394330121271029,0.961038961038961,0.961038961038961,0.961038961038961,1,1,1
0506tin2_14-04_crop_00.jpg,9,83,10.280023453913834,5.6005567776922565,0.7951807228915663,0.8192771084337349,0.7951807228915663,1,1,1
0506tin2_14-04_crop_00.jpg,10,71,9.507891862878783,5.17989948689636,0.9859154929577465,0.9859154929577465,0.9859154929577465,1,1,1
0506tin2_14-04_crop_00.jpg,11,105,11.562445770562215,6.299220455802295,1.0,1.0,1.0,1,1,1
0506tin2_14-04_crop_00.jpg,12,68,9.304852983362556,5.06928390533592,0.9852941176470589,0.9852941176470589,0.9852941176470589,1,1,1
0506tin2_14-04_crop_00.jpg,13,87,10.524820207108489,5.733922048832704,0.0,0.0,0.0,0,0,0
0506tin2_14-04_crop_00.jpg,14,33,6.4820448144285745,3.531418014900687,0.5757575757575758,0.6363636363636364,0.5757575757575758,1,1,1
0506tin2_14-04_crop_00.jpg,15,44,7.48482063701911,4.077730283048011,0.8181818181818182,0.9545454545454546,0.8863636363636364,1,1,1
0506tin2_14-04_crop_00.jpg,16,114,12.047792665040703,6.563637443914175,1.0,1.0,1.0,1,1,1
0506tin2_14-04_crop_00.jpg,17,24,5.527906391541368,3.011603402111737,0.0,0.0,0.0,0,0,0
0506tin2_14-04_crop_00.jpg,18,34,6.579524642479541,3.5845250252228533,0.0,0.0,0.0,0,0,0
0506tin2_14-05_crop_01.jpg,1,85,10.403141895720198,5.667631704788364,0.9647058823529412,0.9647058823529412,0.9647058823529412,1,1,1
0506tin2_14-05_crop_01.jpg,2,39,7.046725639945928,3.839056128642541,0.0,0.0,0.0,0,0,0
0506tin2_14-05_crop_01.jpg,3,102,11.396070970426017,6.208579464688094,0.9901960784313726,0.9901960784313726,0.9901960784313726,1,1,1
0506tin2_14-05_crop_01.jpg,4,72,9.574614729634384,5.2162501047048115,0.8472222222222222,0.0,0.0,1,0,0
0506tin2_14-05_crop_01.jpg,5,60,8.740387444736633,4.761763079892518,0.8333333333333334,0.8333333333333334,0.7833333333333333,1,1,1
0506tin2_14-05_crop_01.jpg,6,92,10.823032759612019,5.896388247436628,0.5108695652173914,0.391304347826087,0.358695652173913,1,1,1
0506tin2_14-08_crop_00.jpg,1,183,15.26443044094783,8.316061704228376,0.8797814207650273,0.907103825136612,0.8907103825136612,1,1,1
0506tin2_14-08_crop_00.jpg,2,37,6.863662517577698,3.7393233395763295,0.7837837837837838,0.8378378378378378,0.7837837837837838,1,1,1
0506tin2_14-08_crop_00.jpg,3,208,16.273715780512877,8.865920357223414,0.8894230769230769,0.9086538461538461,0.8990384615384616,1,1,1
0506tin2_14-08_crop_00.jpg,4,94,10.940041919714261,5.960134837860329,0.9574468085106383,0.9680851063829787,0.9680851063829787,1,1,1
0506tin2_14-08_crop_00.jpg,5,224,16.88803298257901,9.200600368909043,0.9196428571428571,0.9285714285714286,0.9285714285714286,1,1,1
0506tin2_14-08_crop_00.jpg,6,131,12.914889870235298,7.036032001304189,0.9389312977099237,0.0,0.0,1,0,0
0506tin2_14-08_crop_00.jpg,7,27,5.863230142835039,3.194287781816529,0.0,0.0,0.0,0,0,0
0506tin2_14-08_crop_00.jpg,8,130,12.865501965161373,7.0091254706199155,1.0,0.16923076923076924,0.16923076923076924,1,0,0
0506tin2_14-08_crop_00.jpg,9,95,10.998079684646791,5.991753812195571,0.8210526315789474,0.0,0.0,1,0,0
0506tin2_14-08_crop_00.jpg,10,125,12.6156626101008,6.873012989982915,0.936,0.936,0.936,1,1,1
0506tin2_14-08_crop_02.jpg,1,50,7.978845608028654,4.34687508725401,0.0,0.0,0.0,0,0,0
0506tin2_14-08_crop_02.jpg,2,19,4.918490759365935,2.679593765702561,0.21052631578947367,0.21052631578947367,0.21052631578947367,0,0,0
0506tin2_14-08_crop_02.jpg,3,79,10.02925341359355,5.463937259725765,0.9240506329113924,0.9620253164556962,0.9493670886075949,1,1,1
0506tin2_14-08_crop_02.jpg,4,87,10.524820207108489,5.733922048832704,0.9540229885057471,0.9770114942528736,0.9655172413793104,1,1,1
0506tin2_14-09_crop_00.jpg,1,51,8.058239062071396,4.390128641016496,0.6078431372549019,0.6078431372549019,0.6078431372549019,1,1,1
0506tin2_14-09_crop_00.jpg,2,184,15.306079714651624,8.338752228542203,0.8043478260869565,0.7445652173913043,0.7445652173913043,1,1,1
0506tin2_14-09_crop_00.jpg,3,33,6.4820448144285745,3.531418014900687,0.0,0.0,0.0,0,0,0
0506tin2_14-09_crop_00.jpg,4,42,7.312732791431452,3.983976824771855,0.5476190476190477,0.5714285714285714,0.5476190476190477,1,1,1
0506tin2_14-09_crop_00.jpg,5,50,7.978845608028654,4.34687508725401,0.86,0.9,0.88,1,1,1
0506tin2_14-09_crop_00.jpg,6,98,11.170383851240114,6.085625122155614,0.826530612244898,0.8469387755102041,0.826530612244898,1,1,1
0506tin2_14-09_crop_00.jpg,7,46,7.653039857325812,4.169376114271102,1.0,1.0,1.0,1,1,1
0506tin2_14-09_crop_00.jpg,8,84,10.341765891652821,5.634194057772457,0.75,0.8452380952380952,0.7976190476190477,1,1,1
0506tin2_14-09_crop_00.jpg,9,111,11.888212206450685,6.476698010074332,0.9009009009009009,0.918918918918919,0.9099099099099099,1,1,1
0506tin2_14-09_crop_01.jpg,1,97,11.11324596323283,6.054496400769245,0.31958762886597936,0.4329896907216495,0.30927835051546393,1,1,1
0506tin2_14-10_crop_00.jpg,1,66,9.166995688475081,4.994179251081224,0.7424242424242424,0.0,0.0,1,0,0
0506tin2_14-10_crop_00.jpg,2,62,8.884866446580956,4.840475240097304,0.0,0.0,0.0,0,0,0
0506tin2_14-10_crop_00.jpg,3,77,9.901487006738307,5.394330121271029,0.0,0.0,0.0,0,0,0
0506tin2_14-10_crop_00.jpg,4,67,9.23618154310838,5.031871704685445,0.7313432835820896,0.014925373134328358,0.014925373134328358,1,0,0
0506tin2_14-10_crop_00.jpg,5,30,6.180387232371033,3.3670749641957385,0.03333333333333333,0.0,0.0,0,0,0
0506tin2_14-10_crop_00.jpg,6,46,7.653039857325812,4.169376114271102,0.0,0.0,0.0,0,0,0
0506tin2_14-10_crop_00.jpg,7,242,17.55346033766304,9.563125191958823,0.9173553719008265,0.9256198347107438,0.9173553719008265,1,1,1
0506tin2_14-10_crop_00.jpg,8,37,6.863662517577698,3.7393233395763295,0.0,0.0,0.0,0,0,0
0506tin2_14-10_crop_00.jpg,9,26,5.753627391751592,3.134576203026267,0.0,0.0,0.0,0,0,0
0506tin2_14-10_crop_00.jpg,10,143,13.493452297211721,7.351232811520945,0.8391608391608392,0.8811188811188811,0.8531468531468531,1,1,1
0506tin2_14-10_crop_00.jpg,11,40,7.136496464611085,3.8879632739201186,0.0,0.0,0.0,0,0,0
0506tin2_14-10_crop_00.jpg,12,99,11.227230955528665,6.116595424572016,0.7171717171717171,0.0,0.0,1,0,0
0506tin2_14-16_crop_00.jpg,1,204,16.11647812414279,8.780257282032991,0.8088235294117647,0.8235294117647058,0.803921568627451,1,1,1
0506tin2_14-16_crop_00.jpg,2,110,11.834540545406394,6.447457689137403,0.8727272727272727,0.8636363636363636,0.8545454545454545,1,1,1
0506tin2_14-16_crop_00.jpg,3,120,12.360774464742066,6.734149928391477,0.6916666666666667,0.7416666666666667,0.7,1,1,1
0506tin2_14-16_crop_00.jpg,4,112,11.941642642883693,6.5058069118430355,0.9642857142857143,0.9642857142857143,0.9642857142857143,1,1,1
0506tin2_14-16_crop_00.jpg,5,345,20.958712816717327,11.418306742547598,0.8666666666666667,0.8927536231884058,0.8724637681159421,1,1,1
0506tin2_14-16_crop_00.jpg,6,451,23.96311821686732,13.055106804549315,0.8536585365853658,0.8913525498891353,0.8647450110864745,1,1,1
0506tin2_14-16_crop_00.jpg,7,210,16.351767622932517,8.908443000973634,0.7238095238095238,0.7666666666666667,0.7333333333333333,1,1,1
0506tin2_14-16_crop_00.jpg,8,79,10.02925341359355,5.463937259725765,0.6455696202531646,0.6708860759493671,0.6455696202531646,1,1,1
0506tin2_14-16_crop_00.jpg,9,72,9.574614729634384,5.2162501047048115,0.9166666666666666,0.0,0.0,1,0,0
0506tin2_14-16_crop_00.jpg,10,66,9.166995688475081,4.994179251081224,0.42424242424242425,0.0,0.0,1,0,0
0506tin2_14-16_crop_00.jpg,11,281,18.91508160359296,10.304936457637444,0.597864768683274,0.6120996441281139,0.6014234875444839,1,1,1
0506tin2_14-16_crop_00.jpg,12,74,9.706684619910241,5.288201780927099,0.9459459459459459,0.0,0.0,1,0,0
0506tin2_14-16_crop_00.jpg,13,290,19.21560480373171,10.468661497073036,0.47586206896551725,0.4793103448275862,0.44482758620689655,1,1,1
0506tin2_14-16_crop_00.jpg,14,269,18.5067943613625,10.082501568070288,0.8141263940520446,0.8513011152416357,0.8215613382899628,1,1,1
0506tin2_14-16_crop_00.jpg,15,40,7.136496464611085,3.8879632739201186,0.0,0.0,0.0,0,0,0
0506tin2_14-16_crop_00.jpg,16,104,11.507254783503184,6.269152406052534,0.2403846153846154,0.15384615384615385,0.07692307692307693,0,0,0
0506tin2_14-16_crop_00.jpg,17,202,16.03728119216293,8.737110793490363,0.7673267326732673,0.8267326732673267,0.7821782178217822,1,1,1
0506tin2_14-16_crop_00.jpg,18,438,23.615226456547084,12.86557537352685,0.8310502283105022,0.867579908675799,0.8378995433789954,1,1,1
0506tin2_14-16_crop_00.jpg,19,50,7.978845608028654,4.34687508725401,0.12,0.28,0.14,0,0,0
0506tin2_14-16_crop_00.jpg,20,53,8.214724333230155,4.475381816743788,0.20754716981132076,0.3584905660377358,0.22641509433962265,0,1,0
0506tin2_14-16_crop_00.jpg,21,673,29.2726871606753,15.947759965135901,0.8677563150074294,0.8647845468053492,0.8528974739970282,1,1,1
0506tin2_14-16_crop_00.jpg,22,112,11.941642642883693,6.5058069118430355,0.6071428571428571,0.6696428571428571,0.6428571428571429,1,1,1
0506tin2_14-16_crop_00.jpg,23,298,19.47884453275087,10.612074501442672,0.8221476510067114,0.8624161073825504,0.8355704697986577,1,1,1
0506tin2_14-16_crop_00.jpg,24,102,11.396070970426017,6.208579464688094,0.29411764705882354,0.3431372549019608,0.27450980392156865,0,1,0
0506tin2_14-16_crop_00.jpg,25,193,15.67594437773643,8.540254496990807,0.8186528497409327,0.8341968911917098,0.8290155440414507,1,1,1
0506tin2_14-16_crop_00.jpg,26,93,10.881694613449236,5.928347225407143,0.6236559139784946,0.0,0.0,1,0,0
0506tin2_14-16_crop_00.jpg,27,29,6.076507779746499,3.3104814384058923,0.0,0.0,0.0,0,0,0
0506tin2_14-16_crop_02.jpg,1,193,15.67594437773643,8.540254496990807,0.8704663212435233,0.9015544041450777,0.8911917098445595,1,1,1
0506tin2_14-16_crop_02.jpg,2,29,6.076507779746499,3.3104814384058923,0.0,0.0,0.0,0,0,0
0506tin2_14-16_crop_02.jpg,3,42,7.312732791431452,3.983976824771855,0.0,0.0,0.0,0,0,0
0506tin2_14-16_crop_02.jpg,4,168,14.625465582862905,7.96795364954371,0.7321428571428571,0.7440476190476191,0.7261904761904762,1,1,1
0506tin2_14-16_crop_02.jpg,5,252,17.91246396432554,9.758710367764554,0.5119047619047619,0.5357142857142857,0.5158730158730159,1,1,1
0506tin2_14-16_crop_02.jpg,6,173,14.841510746523857,8.085655054706196,0.838150289017341,0.9017341040462428,0.8554913294797688,1,1,1
0506tin2_14-16_crop_03.jpg,1,175,14.927053303604616,8.132258639803794,0.9142857142857143,0.9314285714285714,0.9257142857142857,1,1,1
0506tin2_14-16_crop_03.jpg,2,165,14.494292838262302,7.896490738285301,0.9333333333333333,0.9393939393939394,0.9333333333333333,1,1,1
0506tin2_15-02_crop_01.jpg,1,173,14.841510746523857,8.085655054706196,0.9190751445086706,0.9248554913294798,0.9190751445086706,1,1,1
0506tin2_15-02_crop_01.jpg,2,43,7.399277020331919,4.031126120676829,0.7209302325581395,0.7906976744186046,0.7209302325581395,1,1,1
0506tin2_15-02_crop_01.jpg,3,59,8.667244841319219,4.72191498955071,0.864406779661017,0.864406779661017,0.864406779661017,1,1,1
0506tin2_15-02_crop_01.jpg,4,43,7.399277020331919,4.031126120676829,0.0,0.0,0.0,0,0,0
0506tin2_15-04_crop_01.jpg,1,130,12.865501965161373,7.0091254706199155,0.9230769230769231,0.8769230769230769,0.8692307692307693,1,1,1
0506tin2_15-04_crop_01.jpg,2,31,6.282549314314218,3.4227328664383854,0.3870967741935484,0.3225806451612903,0.2903225806451613,1,1,0
0506tin2_15-04_crop_01.jpg,3,30,6.180387232371033,3.3670749641957385,0.0,0.0,0.0,0,0,0
0506tin2_15-04_crop_01.jpg,4,31,6.282549314314218,3.4227328664383854,0.0,0.0,0.0,0,0,0
0506tin2_15-04_crop_01.jpg,5,62,8.884866446580956,4.840475240097304,0.9032258064516129,0.9354838709677419,0.9032258064516129,1,1,1
0506tin2_15-04_crop_01.jpg,6,50,7.978845608028654,4.34687508725401,0.0,0.0,0.0,0,0,0
0506tin2_15-04_crop_02.jpg,1,140,13.351162356249091,7.273713251684504,0.8642857142857143,0.8785714285714286,0.8571428571428571,1,1,1
0506tin2_15-04_crop_02.jpg,2,92,10.823032759612019,5.896388247436628,0.8043478260869565,0.8478260869565217,0.8260869565217391,1,1,1
0506tin2_15-12_crop_00.jpg,1,130,12.865501965161373,7.0091254706199155,0.9,0.8923076923076924,0.8846153846153846,1,1,1
0506tin2_15-12_crop_00.jpg,2,22,5.292567428401227,2.8833907349929886,0.0,0.0,0.0,0,0,0
0506tin2_15-12_crop_00.jpg,3,204,16.11647812414279,8.780257282032991,0.9362745098039216,0.9509803921568627,0.9411764705882353,1,1,1
0506tin2_15-12_crop_00.jpg,4,201,15.99753570059363,8.71545744968341,0.736318407960199,0.7512437810945274,0.7412935323383084,1,1,1
0506tin2_15-12_crop_00.jpg,5,55,8.368283871884005,4.559041053402406,0.7090909090909091,0.7272727272727273,0.7090909090909091,1,1,1
0506tin2_15-12_crop_00.jpg,6,118,12.257335203001883,6.677796218595425,0.8813559322033898,0.9067796610169492,0.8813559322033898,1,1,1
0506tin2_15-12_crop_00.jpg,7,192,15.635280380893438,8.518100751510744,0.8697916666666666,0.875,0.8697916666666666,1,1,1
0506tin2_15-12_crop_00.jpg,8,156,14.093451279891855,7.678112257285082,0.8525641025641025,0.0,0.0,1,0,0
0506tin2_15-12_crop_00.jpg,9,113,11.994835078277376,6.534786150645513,0.831858407079646,0.8938053097345132,0.8584070796460177,1,1,1
0506tin2_15-12_crop_00.jpg,10,103,11.451797811161432,6.238939447520748,0.9320388349514563,0.9514563106796117,0.941747572815534,1,1,1
0506tin2_15-12_crop_00.jpg,11,162,14.361922094451577,7.824375157057219,0.9197530864197531,0.9444444444444444,0.9259259259259259,1,1,1
0506tin2_15-12_crop_00.jpg,12,80,10.092530088080641,5.498410391986333,0.9375,0.0,0.0,1,0,0
0506tin2_15-12_crop_00.jpg,13,43,7.399277020331919,4.031126120676829,0.09302325581395349,0.0,0.0,0,0,0
0506tin2_15-12_crop_00.jpg,14,49,7.898654169668588,4.303186791635446,0.8367346938775511,0.8163265306122449,0.8163265306122449,1,1,1
0506tin2_15-12_crop_00.jpg,15,53,8.214724333230155,4.475381816743788,0.6792452830188679,0.0,0.0,1,0,0
0506tin2_15-12_crop_00.jpg,16,81,10.155412503859614,5.532668732102717,0.9506172839506173,0.0,0.0,1,0,0
0506tin2_15-12_crop_00.jpg,17,28,5.970821321441846,3.2529034559215178,0.0,0.0,0.0,0,0,0
0506tin2_15-12_crop_00.jpg,18,126,12.666024736934256,6.900450276681782,0.8492063492063492,0.8888888888888888,0.8571428571428571,1,1,1
0506tin2_15-12_crop_00.jpg,19,59,8.667244841319219,4.72191498955071,0.0,0.0,0.0,0,0,0
0506tin2_15-12_crop_00.jpg,20,29,6.076507779746499,3.3104814384058923,0.0,0.0,0.0,0,0,0
0506tin2_15-12_crop_00.jpg,21,91,10.764051215546116,5.8642551022295235,0.945054945054945,0.978021978021978,0.967032967032967,1,1,1
0506tin2_15-12_crop_00.jpg,22,943,34.65061169280073,18.877653250237834,0.7879109225874867,0.8515376458112407,0.8186638388123012,1,1,1
0506tin2_15-12_crop_00.jpg,23,44,7.48482063701911,4.077730283048011,0.75,0.7727272727272727,0.75,1,1,1
0506tin2_15-12_crop_01.jpg,1,202,16.03728119216293,8.737110793490363,0.8613861386138614,0.6089108910891089,0.6089108910891089,1,1,1
0506tin2_15-12_crop_01.jpg,2,142,13.446189622059965,7.325484106098268,0.9225352112676056,0.9366197183098591,0.9295774647887324,1,1,1
0506tin2_15-12_crop_01.jpg,3,72,9.574614729634384,5.2162501047048115,1.0,0.0,0.0,1,0,0
0506tin2_15-12_crop_01.jpg,4,27,5.863230142835039,3.194287781816529,1.0,0.0,0.0,1,0,0
0506tin2_15-12_crop_01.jpg,5,98,11.170383851240114,6.085625122155614,0.8877551020408163,0.9081632653061225,0.8877551020408163,1,1,1
0506tin2_15-12_crop_01.jpg,6,182,15.222667215103916,8.293309098788614,0.9945054945054945,0.0,0.0,1,0,0
0506tin2_15-12_crop_01.jpg,7,103,11.451797811161432,6.238939447520748,0.9514563106796117,0.9611650485436893,0.9514563106796117,1,1,1
0506tin2_15-16_crop_00.jpg,1,266,18.403307281560924,10.026121806994391,0.5075187969924813,0.518796992481203,0.5037593984962406,1,1,1
0506tin2_15-16_crop_00.jpg,2,169,14.668929172241665,7.991632613037258,0.09467455621301775,0.26627218934911245,0.08284023668639054,0,0,0
0506tin2_15-16_crop_00.jpg,3,225,16.925687506432688,9.221114553504528,0.92,0.9511111111111111,0.9288888888888889,1,1,1
0506tin2_15-16_crop_00.jpg,4,57,8.51907589177983,4.64119254584165,0.8070175438596491,0.0,0.0,1,0,0
0506tin2_15-16_crop_00.jpg,5,186,15.389040103942165,8.38394904862769,0.9247311827956989,0.9516129032258065,0.946236559139785,1,1,1
0506tin2_15-16_crop_00.jpg,6,153,13.957279475043833,7.60392585800388,0.8888888888888888,0.9281045751633987,0.8888888888888888,1,1,1
0506tin2_15-16_crop_00.jpg,7,97,11.11324596323283,6.054496400769245,0.9587628865979382,0.9690721649484536,0.9587628865979382,1,1,1
0506tin2_15-16_crop_00.jpg,8,51,8.058239062071396,4.390128641016496,0.9411764705882353,0.9411764705882353,0.9215686274509803,1,1,1
0506tin2_15-16_crop_00.jpg,9,227,17.000746355818674,9.262006614650012,0.9383259911894273,0.9427312775330396,0.9383259911894273,1,1,1
0506tin2_15-16_crop_00.jpg,10,97,11.11324596323283,6.054496400769245,0.8144329896907216,0.8247422680412371,0.8041237113402062,1,1,1
0506tin2_15-16_crop_00.jpg,11,42,7.312732791431452,3.983976824771855,0.0,0.0,0.0,0,0,0
0506tin2_15-16_crop_00.jpg,12,127,12.716187407449045,6.9277788995782394,0.6299212598425197,0.6141732283464567,0.5669291338582677,1,1,1
0506tin2_15-16_crop_00.jpg,13,47,7.735777827895049,4.214451760637222,0.8936170212765957,0.9574468085106383,0.8936170212765957,1,1,1
0506tin2_15-16_crop_00.jpg,14,157,14.138550439257221,7.702682279307333,0.9554140127388535,0.9554140127388535,0.9554140127388535,1,1,1
0506tin2_15-16_crop_02.jpg,1,192,15.635280380893438,8.518100751510744,0.8489583333333334,0.8489583333333334,0.84375,1,1,1
0506tin2_15-16_crop_02.jpg,2,81,10.155412503859614,5.532668732102717,0.9259259259259259,0.9259259259259259,0.9259259259259259,1,1,1
0506tin2_15-20_crop_00.jpg,1,110,11.834540545406394,6.447457689137403,0.0,0.0,0.0,0,0,0
0506tin2_15-20_crop_00.jpg,2,203,16.07692842495848,8.75871060591738,0.9310344827586207,0.9704433497536946,0.9408866995073891,1,1,1
0506tin2_15-20_crop_00.jpg,3,62,8.884866446580956,4.840475240097304,0.8709677419354839,0.9032258064516129,0.8870967741935484,1,1,1
0506tin2_15-20_crop_00.jpg,4,136,13.159049284959082,7.169050050445707,0.9705882352941176,0.0,0.0,1,0,0
0506tin2_15-20_crop_00.jpg,5,62,8.884866446580956,4.840475240097304,0.9516129032258065,0.0,0.0,1,0,0
0506tin2_15-20_crop_00.jpg,6,35,6.6755811781245455,3.636856625842252,0.7714285714285715,0.14285714285714285,0.14285714285714285,1,0,0
0506tin2_15-20_crop_00.jpg,7,23,5.4115163798060095,2.948194123718314,0.8260869565217391,0.8695652173913043,0.8695652173913043,1,1,1
0506tin2_15-20_crop_00.jpg,8,104,11.507254783503184,6.269152406052534,0.8653846153846154,0.8653846153846154,0.8557692307692307,1,1,1
0506tin2_15-20_crop_00.jpg,9,116,12.153015559492998,6.6209628768117845,0.853448275862069,0.853448275862069,0.853448275862069,1,1,1
0506tin2_15-20_crop_00.jpg,10,91,10.764051215546116,5.8642551022295235,0.978021978021978,0.978021978021978,0.978021978021978,1,1,1
0506tin2_15-20_crop_00.jpg,11,137,13.207339536360731,7.1953585794093256,0.22627737226277372,0.20437956204379562,0.15328467153284672,0,0,0
0506tin2_15-20_crop_00.jpg,12,267,18.437867513470433,10.044950221338691,0.7790262172284644,0.8127340823970037,0.797752808988764,1,1,1
0506tin2_15-20_crop_00.jpg,13,40,7.136496464611085,3.8879632739201186,0.0,0.0,0.0,0,0,0
0506tin2_15-20_crop_00.jpg,14,86,10.464157913908982,5.700873231497613,0.9418604651162791,0.9418604651162791,0.9418604651162791,1,1,1
0506tin2_15-20_crop_00.jpg,15,66,9.166995688475081,4.994179251081224,0.6363636363636364,0.7121212121212122,0.6363636363636364,1,1,1
0506tin2_15-20_crop_00.jpg,16,105,11.562445770562215,6.299220455802295,0.7714285714285715,0.8095238095238095,0.780952380952381,1,1,1
0506tin2_15-20_crop_00.jpg,17,61,8.812923024107548,4.801280463533791,0.9836065573770492,1.0,0.9836065573770492,1,1,1
0506tin2_15-20_crop_00.jpg,18,32,6.383076486422923,3.477500069803208,0.0625,0.0625,0.0625,0,0,0
tin436_01-06_crop_00.jpg,1,65,9.09728368293446,4.956200150462694,1.0,0.0,0.0,1,0,0
tin436_01-06_crop_00.jpg,2,215,16.545286401814263,9.01387203170841,0.8186046511627907,0.0,0.0,1,0,0
tin436_01-06_crop_01.jpg,1,63,8.95623198216277,4.879355183882277,0.8253968253968254,0.0,0.0,1,0,0
tin436_01-06_crop_01.jpg,2,52,8.136857890256438,4.432960178611707,0.7307692307692307,0.0,0.0,1,0,0
tin436_02-04_crop_01.jpg,1,161,14.317526556719258,7.800188468100651,0.84472049689441,0.8571428571428571,0.84472049689441,1,1,1
tin436_02-04_crop_01.jpg,2,158,14.183506197980657,7.727174176659862,0.9810126582278481,0.9873417721518988,0.9810126582278481,1,1,1
tin436_02-04_crop_01.jpg,3,122,12.463355264843006,6.790035948286469,0.7704918032786885,0.7786885245901639,0.7704918032786885,1,1,1
tin436_02-06_crop_02.jpg,1,127,12.716187407449045,6.9277788995782394,0.0,0.0,0.0,0,0,0
tin436_02-06_crop_02.jpg,2,32,6.383076486422923,3.477500069803208,0.0,0.0,0.0,0,0,0
tin436_02-09_crop_00.jpg,1,145,13.58748446131949,7.402461534526857,0.8344827586206897,0.896551724137931,0.8758620689655172,1,1,1
tin436_02-09_crop_00.jpg,2,89,10.645107772184812,5.799454714286285,0.7415730337078652,0.7303370786516854,0.7191011235955056,1,1,1
tin436_02-09_crop_00.jpg,3,176,14.96964127403822,8.155460566096021,0.7613636363636364,0.5113636363636364,0.5056818181818182,1,1,1
tin436_02-09_crop_00.jpg,4,189,15.512648837479231,8.451291086658685,0.9841269841269841,0.9894179894179894,0.9735449735449735,1,1,1
tin436_02-09_crop_00.jpg,5,78,9.965574970333758,5.429245243837831,0.0,0.0,0.0,0,0,0
tin436_02-09_crop_00.jpg,6,246,17.697935698969246,9.641835368798445,0.7642276422764228,0.7723577235772358,0.7560975609756098,1,1,1
tin436_03-06_crop_00.jpg,1,158,14.183506197980657,7.727174176659862,0.9556962025316456,0.17088607594936708,0.17088607594936708,1,0,0
tin436_03-06_crop_00.jpg,2,37,6.863662517577698,3.7393233395763295,1.0,1.0,1.0,1,1,1
tin436_03-06_crop_00.jpg,3,61,8.812923024107548,4.801280463533791,0.9344262295081968,0.6721311475409836,0.6721311475409836,1,1,1
tin436_03-06_crop_00.jpg,4,68,9.304852983362556,5.06928390533592,0.0,0.0,0.0,0,0,0
tin436_03-06_crop_00.jpg,5,51,8.058239062071396,4.390128641016496,1.0,0.7450980392156863,0.7450980392156863,1,1,1
tin436_04-06_crop_01.jpg,1,187,15.430353037616328,8.406456334893376,0.8770053475935828,0.8770053475935828,0.8770053475935828,1,1,1
tin436_04-08_crop_03.jpg,1,7,2.985410660720923,1.6264517279607589,0.0,0.0,0.0,0,0,0
tin436_05-04_crop_00.jpg,1,133,13.013103375051497,7.089538718728055,0.8345864661654135,0.8120300751879699,0.8120300751879699,1,1,1
tin436_05-04_crop_01.jpg,1,342,20.867389014906145,11.368553535320867,0.0,0.0,0.0,0,0,0
tin_0731_01-04_crop_00.jpg,1,300,19.544100476116796,10.64762593938843,0.0,0.6033333333333334,0.0,0,1,0
tin_0731_01-04_crop_00.jpg,2,602,27.685559519911603,15.08309282644784,0.9617940199335548,0.9750830564784053,0.9700996677740864,1,1,1
tin_0731_01-04_crop_00.jpg,3,184,15.306079714651624,8.338752228542203,0.02717391304347826,0.907608695652174,0.03804347826086957,0,1,0
tin_0731_01-10_crop_00.jpg,1,109,11.780624362746345,6.418084152824208,0.7798165137614679,0.7706422018348624,0.7706422018348624,1,1,1
tin_0731_01-10_crop_00.jpg,2,295,19.38054864282415,10.558522900610596,0.8542372881355932,0.864406779661017,0.8542372881355932,1,1,1
tin_0731_01-10_crop_00.jpg,3,134,13.061933202803933,7.116141208887583,0.8731343283582089,0.7985074626865671,0.7985074626865671,1,1,1
tin_0731_01-10_crop_00.jpg,4,136,13.159049284959082,7.169050050445707,1.0,0.0,0.0,1,0,0
tin_0731_01-19_crop_00.jpg,1,125,12.6156626101008,6.873012989982915,0.896,0.888,0.872,1,1,1
tin_0731_01-25_crop_00.jpg,1,290,19.21560480373171,10.468661497073036,0.9655172413793104,0.9689655172413794,0.9655172413793104,1,1,1
tin_0731_01-25_crop_00.jpg,2,188,15.471555655790098,8.428903521274444,0.7819148936170213,0.675531914893617,0.675531914893617,1,1,1
tin_0731_01-26_crop_00.jpg,1,288,19.149229459268767,10.432500209409623,0.9236111111111112,0.8229166666666666,0.8194444444444444,1,1,1
tin_0731_01-27_crop_00.jpg,1,146,13.63425735166143,7.427943405185147,0.9315068493150684,0.0,0.0,1,0,0
tin_0731_01-27_crop_00.jpg,2,448,23.883285285767386,13.011613823686071,0.9977678571428571,0.9977678571428571,0.9955357142857143,1,1,1
tin_0731_01-30_crop_02.jpg,1,248,17.769732893161912,9.680950480194609,0.967741935483871,0.0,0.0,1,0,0
tin_0731_01-31_crop_00.jpg,1,532,26.026206750102993,14.17907743745611,0.8796992481203008,0.2951127819548872,0.2932330827067669,1,0,0
tin_0731_01-31_crop_00.jpg,2,484,24.824341676101277,13.524301345139975,0.9586776859504132,0.9524793388429752,0.9524793388429752,1,1,1
tin_0731_01-31_crop_00.jpg,3,269,18.5067943613625,10.082501568070288,1.0,0.0,0.0,1,0,0
tin_0731_02-05_crop_01.jpg,1,155,14.048207338801282,7.6534633581789375,0.7806451612903226,0.7677419354838709,0.7483870967741936,1,1,1
tin_0731_02-05_crop_01.jpg,2,85,10.403141895720198,5.667631704788364,0.0,0.0,0.0,0,0,0
tin_0731_02-05_crop_01.jpg,3,139,13.303394180365686,7.247689149463225,0.920863309352518,0.0,0.0,1,0,0
tin_0731_02-12_crop_00.jpg,1,147,13.680870333281758,7.453338157571901,0.8095238095238095,0.8095238095238095,0.8027210884353742,1,1,1
tin_0731_02-12_crop_00.jpg,2,142,13.446189622059965,7.325484106098268,0.8591549295774648,0.852112676056338,0.8450704225352113,1,1,1
tin_0731_02-16_crop_01.jpg,1,564,26.797520467958073,14.599289150943557,0.7109929078014184,0.7304964539007093,0.7216312056737588,1,1,1
tin_0731_02-23_crop_00.jpg,1,489,24.952237121658943,13.593978783879791,0.8629856850715747,0.8875255623721882,0.8773006134969326,1,1,1
tin_0731_02-25_crop_01.jpg,1,557,26.63070457981699,14.508407855084295,0.7540394973070018,0.8994614003590664,0.8420107719928187,1,1,1
tin_0731_02-28_crop_02.jpg,1,296,19.413369239820483,10.576403561854198,0.5101351351351351,0.6182432432432432,0.5574324324324325,1,1,1
tin_0731_02-28_crop_02.jpg,2,408,22.792141940852034,12.417158929376187,0.7818627450980392,0.8137254901960784,0.7941176470588235,1,1,1
tin_0731_03-13_crop_02.jpg,1,172,14.798554040663838,8.062252241353658,0.8372093023255814,0.8837209302325582,0.8546511627906976,1,1,1
tin_0731_03-27_crop_02.jpg,1,218,16.66031874701878,9.07654165337583,0.7844036697247706,0.8440366972477065,0.8119266055045872,1,1,1
tin_0731_03-29_crop_03.jpg,1,145,13.58748446131949,7.402461534526857,0.9310344827586207,0.9586206896551724,0.9379310344827586,1,1,1
tin_0731_04-02_crop_00.jpg,1,919,34.20682887394876,18.635880370527282,0.7007616974972797,0.7127312295973884,0.6964091403699674,1,1,1
tin_0731_04-10_crop_02.jpg,1,484,24.824341676101277,13.524301345139975,0.8326446280991735,0.8615702479338843,0.8409090909090909,1,1,1
tin_0731_04-17_crop_00.jpg,1,355,21.260292528114064,11.582607369316541,0.8845070422535212,0.895774647887324,0.8901408450704226,1,1,1
tin_0731_04-17_crop_00.jpg,2,67,9.23618154310838,5.031871704685445,0.7910447761194029,0.746268656716418,0.746268656716418,1,1,1
tin_0731_04-30_crop_00.jpg,1,389,22.255115881567058,12.124587132277732,0.781491002570694,0.8071979434447301,0.7892030848329049,1,1,1
tin_0731_05-01_crop_01.jpg,1,424,23.23474912642073,12.658291324074012,0.9386792452830188,0.9575471698113207,0.9457547169811321,1,1,1
tin_0731_05-01_crop_01.jpg,2,284,19.015783725757565,10.35979897379272,0.9295774647887324,0.9507042253521126,0.9507042253521126,1,1,1
tin_0731_05-05_crop_00.jpg,1,126,12.666024736934256,6.900450276681782,0.8809523809523809,0.8809523809523809,0.8809523809523809,1,1,1
tin_0731_05-05_crop_00.jpg,2,252,17.91246396432554,9.758710367764554,0.9880952380952381,0.9920634920634921,0.9880952380952381,1,1,1
tin_0731_05-05_crop_01.jpg,1,229,17.075475271404667,9.302718927861262,0.9737991266375546,0.9912663755458515,0.9868995633187773,1,1,1
tin_0731_05-05_crop_01.jpg,2,514,25.582125126616702,13.937141768980778,0.9182879377431906,0.9241245136186771,0.9202334630350194,1,1,1
tin_0731_05-05_crop_01.jpg,3,157,14.138550439257221,7.702682279307333,0.8789808917197452,0.8726114649681529,0.8726114649681529,1,1,1
tin_0731_05-07_crop_01.jpg,1,207,16.23454913941803,8.84458237115494,0.7246376811594203,0.748792270531401,0.7294685990338164,1,1,1
tin_0731_05-07_crop_01.jpg,2,114,12.047792665040703,6.563637443914175,0.9385964912280702,0.0,0.0,1,0,0
tin_0731_05-09_crop_01.jpg,1,140,13.351162356249091,7.273713251684504,0.9785714285714285,0.9857142857142858,0.9857142857142858,1,1,1
tin_0731_05-09_crop_02.jpg,1,120,12.360774464742066,6.734149928391477,0.8416666666666667,0.8666666666666667,0.8583333333333333,1,1,1
tin_0731_05-10_crop_01.jpg,1,411,22.875783109789968,12.462726638213573,0.9343065693430657,0.8880778588807786,0.8832116788321168,1,1,1
tin_0731_05-10_crop_01.jpg,2,283,18.982275710779543,10.341543807232695,0.9540636042402827,0.9363957597173145,0.9222614840989399,1,1,1
tin_0731_05-11_crop_00.jpg,1,106,11.617374563210365,6.329145662037006,0.9528301886792453,0.9528301886792453,0.9528301886792453,1,1,1
tin_0731_05-20_crop_00.jpg,1,293,19.314740138231286,10.522670427308404,0.9965870307167235,0.5051194539249146,0.5051194539249146,1,1,1
tin_0731_05-20_crop_00.jpg,2,79,10.02925341359355,5.463937259725765,0.0,0.0,0.0,0,0,0
tin_0731_05-20_crop_00.jpg,3,238,17.407785949022028,9.4837617850272,0.9873949579831933,0.0,0.0,1,0,0
tin_0731_05-20_crop_00.jpg,4,118,12.257335203001883,6.677796218595425,0.8728813559322034,0.9067796610169492,0.8813559322033898,1,1,1
tin_0731_05-20_crop_00.jpg,5,137,13.207339536360731,7.1953585794093256,1.0,0.0,0.0,1,0,0
tin_0731_05-20_crop_00.jpg,6,71,9.507891862878783,5.17989948689636,0.9577464788732394,0.0,0.0,1,0,0
tin_0731_05-22_crop_01.jpg,1,356,21.290215544369623,11.59890942857257,0.9129213483146067,0.07303370786516854,0.07303370786516854,1,0,0
tin_0731_05-22_crop_01.jpg,2,202,16.03728119216293,8.737110793490363,1.0,0.0,0.0,1,0,0
tin_0731_05-22_crop_01.jpg,3,303,19.64157789116634,10.70073163510742,0.9966996699669967,0.0,0.0,1,0,0
tin_0731_05-22_crop_01.jpg,4,280,18.881394877652593,10.28658392934513,0.9035714285714286,0.0,0.0,1,0,0
tin_0731_05-23_crop_00.jpg,1,256,18.0540666735282,9.835855523738163,0.84375,0.88671875,0.8515625,1,1,1
tin_0731_05-25_crop_00.jpg,1,316,20.0585068271871,10.92787451945153,0.9778481012658228,0.9841772151898734,0.9810126582278481,1,1,1
tin_0731_05-25_crop_00.jpg,2,89,10.645107772184812,5.799454714286285,0.8314606741573034,0.7640449438202247,0.7303370786516854,1,1,1
tin_0731_05-25_crop_00.jpg,3,104,11.507254783503184,6.269152406052534,0.8461538461538461,0.8269230769230769,0.8269230769230769,1,1,1
tin_0731_05-25_crop_00.jpg,4,75,9.772050238058398,5.323812969694215,0.8933333333333333,0.7333333333333333,0.7333333333333333,1,1,1
tin_0731_05-25_crop_00.jpg,5,584,27.26851470332286,14.855886810370293,0.9965753424657534,0.0,0.0,1,0,0
tin_0731_05-25_crop_00.jpg,6,94,10.940041919714261,5.960134837860329,0.9574468085106383,0.9468085106382979,0.9361702127659575,1,1,1
tin_0731_05-31_crop_01.jpg,1,187,15.430353037616328,8.406456334893376,0.9679144385026738,0.9786096256684492,0.9732620320855615,1,1,1
tin_0731_06-01_crop_01.jpg,1,193,15.67594437773643,8.540254496990807,0.8756476683937824,0.8704663212435233,0.8704663212435233,1,1,1
tin_0731_06-03_crop_00.jpg,1,769,31.29091257699814,17.047289171948584,0.5422626788036411,0.540962288686606,0.52925877763329,1,1,1
tin_0731_06-05_crop_01.jpg,1,93,10.881694613449236,5.928347225407143,0.5483870967741935,0.3978494623655914,0.3333333333333333,1,1,1
tin_0731_06-08_crop_00.jpg,1,90,10.704744696916627,5.831944910880178,0.9444444444444444,0.0,0.0,1,0,0
tin_0731_06-09_crop_01.jpg,1,134,13.061933202803933,7.116141208887583,0.917910447761194,0.9328358208955224,0.9253731343283582,1,1,1
tin_0731_06-16_crop_01.jpg,1,134,13.061933202803933,7.116141208887583,0.41044776119402987,0.40298507462686567,0.39552238805970147,1,1,1
tin_0731_06-19_crop_02.jpg,1,629,28.299605538565682,15.417625097410582,0.8012718600953895,0.8362480127186009,0.8155802861685215,1,1,1
tin_0731_06-19_crop_02.jpg,2,245,17.66192765414112,9.622218185976081,0.6448979591836734,0.673469387755102,0.6530612244897959,1,1,1
tin_0731_06-19_crop_02.jpg,3,454,24.04268606686374,13.098455369227365,0.8171806167400881,0.8325991189427313,0.8259911894273128,1,1,1
tin_0731_06-20_crop_01.jpg,1,127,12.716187407449045,6.9277788995782394,0.36220472440944884,0.3464566929133858,0.33070866141732286,1,1,1
tin_0731_06-20_crop_01.jpg,2,264,18.333991376950163,9.988358502162448,0.9583333333333334,0.0,0.0,1,0,0
tin_0731_06-22_crop_03.jpg,1,195,15.756957549709801,8.584390473081898,0.8205128205128205,0.841025641025641,0.8256410256410256,1,1,1
tin_0731_06-24_crop_01.jpg,1,132,12.964089628857149,7.062836029801374,0.6515151515151515,0.6212121212121212,0.5909090909090909,1,1,1
tin_0731_07-01_crop_00.jpg,1,161,14.317526556719258,7.800188468100651,0.8819875776397516,0.8881987577639752,0.8633540372670807,1,1,1
tin_0731_07-01_crop_00.jpg,2,167,14.581872443920643,7.944204107447965,0.6766467065868264,0.7425149700598802,0.7065868263473054,1,1,1
tin_0731_07-01_crop_00.jpg,3,160,14.27299292922217,7.775926547840237,0.9625,0.0,0.0,1,0,0
tin_0731_07-05_crop_00.jpg,1,133,13.013103375051497,7.089538718728055,0.0,0.0,0.0,0,0,0
tin_0731_07-05_crop_00.jpg,2,88,10.585134856802455,5.766781469985977,0.9545454545454546,0.0,0.0,1,0,0
tin_0731_07-05_crop_02.jpg,1,105,11.562445770562215,6.299220455802295,1.0,1.0,1.0,1,1,1
tin_0731_07-08_crop_01.jpg,1,135,13.110581167104948,7.142644619838776,0.8962962962962963,0.9111111111111111,0.8962962962962963,1,1,1
tin_0731_07-10_crop_01.jpg,1,120,12.360774464742066,6.734149928391477,0.0,0.25833333333333336,0.0,0,0,0
tin_0731_07-12_crop_00.jpg,1,190,15.553633450087505,8.473619503607672,0.7684210526315789,0.7842105263157895,0.7631578947368421,1,1,1
tin_0731_07-12_crop_00.jpg,2,552,26.510907730475957,14.4431425315633,0.8913043478260869,0.322463768115942,0.32065217391304346,1,1,1
tin_0731_07-12_crop_00.jpg,3,161,14.317526556719258,7.800188468100651,0.906832298136646,0.0,0.0,1,0,0
tin_0731_07-13_crop_00.jpg,1,90,10.704744696916627,5.831944910880178,0.9888888888888889,0.9888888888888889,0.9888888888888889,1,1,1
tin_0731_07-17_crop_00.jpg,1,140,13.351162356249091,7.273713251684504,0.0,0.0,0.0,0,0,0
tin_0731_07-17_crop_00.jpg,2,354,21.23032733700184,11.5662823331986,0.8983050847457628,0.923728813559322,0.9067796610169492,1,1,1
tin_0731_07-19_crop_00.jpg,1,121,12.412170838050638,6.762150672569987,0.7851239669421488,0.743801652892562,0.743801652892562,1,1,1
tin_0731_07-19_crop_00.jpg,2,234,17.26088217525478,9.403728609078803,0.8247863247863247,0.7564102564102564,0.7478632478632479,1,1,1
tin_0731_07-19_crop_00.jpg,3,223,16.85029431422316,9.180040342388777,0.9147982062780269,0.9192825112107623,0.9192825112107623,1,1,1
tin_0731_07-19_crop_00.jpg,4,200,15.957691216057308,8.69375017450802,0.945,0.935,0.935,1,1,1
tin_0731_07-19_crop_00.jpg,5,165,14.494292838262302,7.896490738285301,0.7454545454545455,0.0,0.0,1,0,0
tin_0731_07-22_crop_02.jpg,1,171,14.755472278097805,8.038781297107684,0.8888888888888888,0.8947368421052632,0.8947368421052632,1,1,1
tin_0731_07-22_crop_03.jpg,1,97,11.11324596323283,6.054496400769245,0.8350515463917526,0.845360824742268,0.8350515463917526,1,1,1
tin_0731_07-26_crop_01.jpg,1,145,13.58748446131949,7.402461534526857,0.8551724137931035,0.8689655172413793,0.8689655172413793,1,1,1
tin_0731_07-26_crop_01.jpg,2,209,16.312788383647018,8.887207111410895,0.9617224880382775,0.9808612440191388,0.9712918660287081,1,1,1
tin_0731_07-26_crop_01.jpg,3,126,12.666024736934256,6.900450276681782,0.6190476190476191,0.6428571428571429,0.6190476190476191,1,1,1
tin_0731_07-30_crop_01.jpg,1,410,22.847936741452536,12.44755593674334,0.9829268292682927,0.24390243902439024,0.24390243902439024,1,0,0
tin_0731_07-30_crop_01.jpg,2,322,20.248040236149336,11.031132320654157,0.9751552795031055,0.8819875776397516,0.8819875776397516,1,1,1
tin_0731_08-01_crop_00.jpg,1,101,11.340070282773887,6.178070290055213,0.801980198019802,0.8316831683168316,0.8118811881188119,1,1,1
tin_0731_08-01_crop_02.jpg,1,400,22.56758334191025,12.294819404672703,0.8775,0.0,0.0,1,0,0
tin_0731_08-03_crop_00.jpg,1,65,9.09728368293446,4.956200150462694,0.0,0.0,0.0,0,0,0
tin_0731_08-03_crop_00.jpg,2,40,7.136496464611085,3.8879632739201186,0.0,0.0,0.0,0,0,0
tin_0731_08-29_crop_01.jpg,1,318,20.12188299403865,10.962401855152255,0.9025157232704403,0.9088050314465409,0.9056603773584906,1,1,1
tin_0731_08-29_crop_01.jpg,2,239,17.44431859350499,9.503664769741517,0.7447698744769874,0.7238493723849372,0.7196652719665272,1,1,1
tin_0731_09-02_crop_00.jpg,1,183,15.26443044094783,8.316061704228376,0.907103825136612,0.9180327868852459,0.907103825136612,1,1,1
tin_0731_09-04_crop_01.jpg,1,228,17.03815178355966,9.2823850916833,0.9649122807017544,0.9692982456140351,0.9649122807017544,1,1,1
tin_0731_09-04_crop_01.jpg,2,185,15.347615963921077,8.361381177144203,0.7135135135135136,0.7297297297297297,0.7135135135135136,1,1,1
tin_0731_09-04_crop_01.jpg,3,584,27.26851470332286,14.855886810370293,0.9417808219178082,0.9571917808219178,0.9452054794520548,1,1,1
tin_0731_09-08_crop_00.jpg,1,93,10.881694613449236,5.928347225407143,0.0,0.22580645161290322,0.0,0,0,0
tin_0731_09-08_crop_00.jpg,2,93,10.881694613449236,5.928347225407143,0.3655913978494624,0.0,0.0,1,0,0
tin_0731_09-08_crop_00.jpg,3,144,13.540550005146152,7.376891642803622,1.0,0.9444444444444444,0.9444444444444444,1,1,1
tin_0731_09-08_crop_00.jpg,4,466,24.35835848013133,13.270433699975547,0.9742489270386266,0.5343347639484979,0.5278969957081545,1,1,1
tin_0731_09-13_crop_01.jpg,1,294,19.347672370394786,10.540611907391078,0.9387755102040817,0.3707482993197279,0.3707482993197279,1,1,1
tin_0731_09-13_crop_01.jpg,2,375,21.850968611841584,11.904407699731294,0.8613333333333333,0.832,0.8213333333333334,1,1,1
tin_0731_09-14_crop_02.jpg,1,267,18.437867513470433,10.044950221338691,0.8876404494382022,0.9026217228464419,0.8838951310861424,1,1,1
tin_0731_09-18_crop_00.jpg,1,205,16.15593100600236,8.801751212070084,0.7463414634146341,0.7804878048780488,0.7560975609756098,1,1,1
tin_0731_09-18_crop_00.jpg,2,53,8.214724333230155,4.475381816743788,0.8679245283018868,0.0,0.0,1,0,0
tin_0731_09-18_crop_00.jpg,3,221,16.774562271083887,9.1387815252865,0.8642533936651584,0.8597285067873304,0.8552036199095022,1,1,1
tin_0731_09-18_crop_00.jpg,4,231,17.14987856615383,9.343253842840607,0.9653679653679653,0.9826839826839827,0.9653679653679653,1,1,1
tin_0731_09-18_crop_00.jpg,5,78,9.965574970333758,5.429245243837831,1.0,0.0,0.0,1,0,0
tin_0731_09-18_crop_00.jpg,6,321,20.216574731145414,11.01398991352802,0.9844236760124611,0.0,0.0,1,0,0
tin_0731_09-18_crop_00.jpg,7,500,25.2313252202016,13.74602597996583,0.944,0.0,0.0,1,0,0
tin_0731_09-21_crop_02.jpg,1,124,12.565098628628435,6.845465732876771,0.3387096774193548,0.47580645161290325,0.3870967741935484,1,1,1
tin_0731_09-22_crop_00.jpg,1,275,18.712051592547777,10.194325707620028,0.8218181818181818,0.8581818181818182,0.84,1,1,1
tin_0731_09-22_crop_00.jpg,2,139,13.303394180365686,7.247689149463225,0.9640287769784173,0.9640287769784173,0.9568345323741008,1,1,1
tin_0731_09-22_crop_00.jpg,3,689,29.618609797263055,16.13621861754891,0.988388969521045,0.9941944847605225,0.9912917271407837,1,1,1
tin_0731_09-26_crop_00.jpg,1,147,13.680870333281758,7.453338157571901,0.0,0.0,0.0,0,0,0
tin_0731_09-26_crop_00.jpg,2,127,12.716187407449045,6.9277788995782394,0.0,0.0,0.0,0,0,0
tin_0731_09-29_crop_01.jpg,1,326,20.37341629633241,11.099437198241898,0.8957055214723927,0.9263803680981595,0.9079754601226994,1,1,1
tin_0731_09-31_crop_01.jpg,1,164,14.450303987687134,7.87252561249195,0.9085365853658537,0.8353658536585366,0.8292682926829268,1,1,1
tin_0731_09-31_crop_01.jpg,2,128,12.766152972845846,6.955000139606416,0.84375,0.6328125,0.6328125,1,1,1
tin_0731_09-32_crop_00.jpg,1,294,19.347672370394786,10.540611907391078,0.8843537414965986,0.7346938775510204,0.7346938775510204,1,1,1
tin_0731_09-32_crop_00.jpg,2,108,11.726460285670077,6.388575563633058,0.7777777777777778,0.1388888888888889,0.1388888888888889,1,0,0
tin_0731_10-02_crop_00.jpg,1,83,10.280023453913834,5.6005567776922565,0.891566265060241,0.9156626506024096,0.9036144578313253,1,1,1
tin_0731_10-04_crop_00.jpg,1,1025,36.12575996921783,19.681314031229874,0.697560975609756,0.6926829268292682,0.6829268292682927,1,1,1
tin_0731_10-04_crop_00.jpg,2,263,18.29923496393627,9.96942320835248,0.4600760456273764,0.38783269961977185,0.38022813688212925,1,1,1
tin_0731_10-05_crop_01.jpg,1,255,18.01877032173579,9.816626071281657,0.8352941176470589,0.8588235294117647,0.8470588235294118,1,1,1
tin_0731_10-06_crop_00.jpg,1,595,27.524126309792685,14.995144013575054,0.0,0.25210084033613445,0.0,0,0,0
tin_0731_10-07_crop_01.jpg,1,371,21.73411767467788,11.840747309164508,0.9407008086253369,0.0,0.0,1,0,0
tin_0731_10-07_crop_02.jpg,1,293,19.314740138231286,10.522670427308404,0.8430034129692833,0.8430034129692833,0.8293515358361775,1,1,1
tin_0731_10-07_crop_02.jpg,2,491,25.003212122944625,13.62174996458023,0.6883910386965377,0.725050916496945,0.6965376782077393,1,1,1
tin_0731_10-07_crop_02.jpg,3,290,19.21560480373171,10.468661497073036,0.8344827586206897,0.8344827586206897,0.8310344827586207,1,1,1
tin_0731_10-08_crop_00.jpg,1,105,11.562445770562215,6.299220455802295,0.0,0.0,0.0,0,0,0
tin_0731_10-08_crop_00.jpg,2,58,8.593479713983122,4.681727748178004,0.0,0.0,0.0,0,0,0
tin_0731_10-08_crop_00.jpg,3,644,28.635053113438516,15.600376936201302,0.7934782608695652,0.8260869565217391,0.8090062111801242,1,1,1
tin_0731_10-09_crop_01.jpg,1,650,28.76813695875796,15.672881015131335,0.7092307692307692,0.7323076923076923,0.7169230769230769,1,1,1
tin_0731_10-14_crop_00.jpg,1,159,14.228319915326999,7.7515886898701485,0.0,0.0,0.0,0,0,0
tin_0731_10-18_crop_00.jpg,1,211,16.39065416446578,8.929628388800955,0.8815165876777251,0.8862559241706162,0.8815165876777251,1,1,1
tin_0731_10-18_crop_00.jpg,2,206,16.195287778099022,8.823192781508347,0.8592233009708737,0.8980582524271845,0.8737864077669902,1,1,1
tin_0731_10-18_crop_01.jpg,1,398,22.511093682995384,12.264043838495883,0.7562814070351759,0.8015075376884422,0.7788944723618091,1,1,1
tin_0731_10-18_crop_01.jpg,2,462,24.253590861306396,13.213356301239724,0.7727272727272727,0.8268398268398268,0.7965367965367965,1,1,1
tin_0731_10-24_crop_02.jpg,1,518,25.68147355921802,13.991266795061977,0.8803088803088803,0.918918918918919,0.8938223938223938,1,1,1
tin_0731_10-30_crop_00.jpg,1,488,24.926710529686012,13.580071896572939,0.819672131147541,0.8299180327868853,0.8217213114754098,1,1,1
